day,mo,yr,date,DOY,site,code,meanTempC,samplinogDate,past20dayMean
9,6,2022,6/9/2022,160,bison_1,bison_1-160,21.201,Y,
10,6,2022,6/10/2022,161,bison_1,bison_1-161,21.03975,no,
11,6,2022,6/11/2022,162,bison_1,bison_1-162,22.44475,no,
12,6,2022,6/12/2022,163,bison_1,bison_1-163,23.76425,no,
13,6,2022,6/13/2022,164,bison_1,bison_1-164,17.1465,no,
14,6,2022,6/14/2022,165,bison_1,bison_1-165,14.34725,no,
15,6,2022,6/15/2022,166,bison_1,bison_1-166,14.519,no,
16,6,2022,6/16/2022,167,bison_1,bison_1-167,22.2625,no,
17,6,2022,6/17/2022,168,bison_1,bison_1-168,32.237,no,
18,6,2022,6/18/2022,169,bison_1,bison_1-169,24.96525,no,
19,6,2022,6/19/2022,170,bison_1,bison_1-170,15.57,no,
20,6,2022,6/20/2022,171,bison_1,bison_1-171,20.87925,no,
21,6,2022,6/21/2022,172,bison_1,bison_1-172,19.36675,no,
22,6,2022,6/22/2022,173,bison_1,bison_1-173,23.83925,no,
23,6,2022,6/23/2022,174,bison_1,bison_1-174,21.39375,no,
24,6,2022,6/24/2022,175,bison_1,bison_1-175,15.495,no,
25,6,2022,6/25/2022,176,bison_1,bison_1-176,14.54025,no,
26,6,2022,6/26/2022,177,bison_1,bison_1-177,20.62175,no,
27,6,2022,6/27/2022,178,bison_1,bison_1-178,20.9755,no,
28,6,2022,6/28/2022,179,bison_1,bison_1-179,25.50125,no,
29,6,2022,6/29/2022,180,bison_1,bison_1-180,20.53575,no,
30,6,2022,6/30/2022,181,bison_1,bison_1-181,16.84625,no,
1,7,2022,7/1/2022,182,bison_1,bison_1-182,22.8095,no,
2,7,2022,7/2/2022,183,bison_1,bison_1-183,26.12325,no,
3,7,2022,7/3/2022,184,bison_1,bison_1-184,19.82775,no,
4,7,2022,7/4/2022,185,bison_1,bison_1-185,23.05625,Y,20.6328125
5,7,2022,7/5/2022,186,bison_1,bison_1-186,20.0855,no,
6,7,2022,7/6/2022,187,bison_1,bison_1-187,24.31075,no,
7,7,2022,7/7/2022,188,bison_1,bison_1-188,24.30025,no,
8,7,2022,7/8/2022,189,bison_1,bison_1-189,26.767,no,
9,7,2022,7/9/2022,190,bison_1,bison_1-190,24.815,no,
10,7,2022,7/10/2022,191,bison_1,bison_1-191,22.15525,no,
11,7,2022,7/11/2022,192,bison_1,bison_1-192,23.0775,no,
12,7,2022,7/12/2022,193,bison_1,bison_1-193,27.829,no,
13,7,2022,7/13/2022,194,bison_1,bison_1-194,26.97075,no,
14,7,2022,7/14/2022,195,bison_1,bison_1-195,27.003,no,
15,7,2022,7/15/2022,196,bison_1,bison_1-196,25.19075,no,
16,7,2022,7/16/2022,197,bison_1,bison_1-197,28.0435,no,
17,7,2022,7/17/2022,198,bison_1,bison_1-198,30.628,no,
18,7,2022,7/18/2022,199,bison_1,bison_1-199,24.16075,no,
19,7,2022,7/19/2022,200,bison_1,bison_1-200,23.48525,no,
20,7,2022,7/20/2022,201,bison_1,bison_1-201,24.01075,no,
21,7,2022,7/21/2022,202,bison_1,bison_1-202,23.09925,no,
22,7,2022,7/22/2022,203,bison_1,bison_1-203,26.08075,no,
23,7,2022,7/23/2022,204,bison_1,bison_1-204,23.496,no,
24,7,2022,7/24/2022,205,bison_1,bison_1-205,27.3785,no,
25,7,2022,7/25/2022,206,bison_1,bison_1-206,22.99175,no,
26,7,2022,7/26/2022,207,bison_1,bison_1-207,21.53325,no,
27,7,2022,7/27/2022,208,bison_1,bison_1-208,20.0855,no,
28,7,2022,7/28/2022,209,bison_1,bison_1-209,24.17175,no,
29,7,2022,7/29/2022,210,bison_1,bison_1-210,30.08125,no,
30,7,2022,7/30/2022,211,bison_1,bison_1-211,25.42625,no,
31,7,2022,7/31/2022,212,bison_1,bison_1-212,28.7405,no,
1,8,2022,8/1/2022,213,bison_1,bison_1-213,32.151,no,
2,8,2022,8/2/2022,214,bison_1,bison_1-214,23.732,no,
3,8,2022,8/3/2022,215,bison_1,bison_1-215,25.866,no,
4,8,2022,8/4/2022,216,bison_1,bison_1-216,28.0005,no,
5,8,2022,8/5/2022,217,bison_1,bison_1-217,21.57625,no,
6,8,2022,8/6/2022,218,bison_1,bison_1-218,17.983,no,
7,8,2022,8/7/2022,219,bison_1,bison_1-219,24.193,no,
8,8,2022,8/8/2022,220,bison_1,bison_1-220,27.60375,no,
9,8,2022,8/9/2022,221,bison_1,bison_1-221,27.0565,Y,24.91005
10,8,2022,8/10/2022,222,bison_1,bison_1-222,29.4805,no,
11,8,2022,8/11/2022,223,bison_1,bison_1-223,28.1075,no,
12,8,2022,8/12/2022,224,bison_1,bison_1-224,29.5555,no,
13,8,2022,8/13/2022,225,bison_1,bison_1-225,29.77,no,
14,8,2022,8/14/2022,226,bison_1,bison_1-226,26.145,no,
15,8,2022,8/15/2022,227,bison_1,bison_1-227,25.37275,no,
16,8,2022,8/16/2022,228,bison_1,bison_1-228,28.955,no,
17,8,2022,8/17/2022,229,bison_1,bison_1-229,24.043,no,
18,8,2022,8/18/2022,230,bison_1,bison_1-230,22.359,no,
19,8,2022,8/19/2022,231,bison_1,bison_1-231,25.9305,no,
20,8,2022,8/20/2022,232,bison_1,bison_1-232,25.834,no,
21,8,2022,8/21/2022,233,bison_1,bison_1-233,25.44775,no,
22,8,2022,8/22/2022,234,bison_1,bison_1-234,26.40275,no,
23,8,2022,8/23/2022,235,bison_1,bison_1-235,18.573,no,
24,8,2022,8/24/2022,236,bison_1,bison_1-236,22.4235,no,
25,8,2022,8/25/2022,237,bison_1,bison_1-237,22.2625,no,
26,8,2022,8/26/2022,238,bison_1,bison_1-238,26.07,no,
27,8,2022,8/27/2022,239,bison_1,bison_1-239,26.156,no,
28,8,2022,8/28/2022,240,bison_1,bison_1-240,16.3315,no,
29,8,2022,8/29/2022,241,bison_1,bison_1-241,20.0745,no,
30,8,2022,8/30/2022,242,bison_1,bison_1-242,24.28975,no,
31,8,2022,8/31/2022,243,bison_1,bison_1-243,27.36775,no,
1,9,2022,9/1/2022,244,bison_1,bison_1-244,25.25475,no,
2,9,2022,9/2/2022,245,bison_1,bison_1-245,24.49325,no,
3,9,2022,9/3/2022,246,bison_1,bison_1-246,31.06775,no,24.1893125
9,6,2022,6/9/2022,160,bison_2,bison_2-160,NA,no,
10,6,2022,6/10/2022,161,bison_2,bison_2-161,NA,no,
11,6,2022,6/11/2022,162,bison_2,bison_2-162,NA,no,
12,6,2022,6/12/2022,163,bison_2,bison_2-163,NA,no,
13,6,2022,6/13/2022,164,bison_2,bison_2-164,NA,no,
14,6,2022,6/14/2022,165,bison_2,bison_2-165,12.32025,Y,
15,6,2022,6/15/2022,166,bison_2,bison_2-166,13.114,no,
16,6,2022,6/16/2022,167,bison_2,bison_2-167,21.06125,no,
17,6,2022,6/17/2022,168,bison_2,bison_2-168,28.601,no,
18,6,2022,6/18/2022,169,bison_2,bison_2-169,26.52025,no,
19,6,2022,6/19/2022,170,bison_2,bison_2-170,14.9375,no,
20,6,2022,6/20/2022,171,bison_2,bison_2-171,18.01525,no,
21,6,2022,6/21/2022,172,bison_2,bison_2-172,20.26775,no,
22,6,2022,6/22/2022,173,bison_2,bison_2-173,23.05625,no,
23,6,2022,6/23/2022,174,bison_2,bison_2-174,26.05925,no,
24,6,2022,6/24/2022,175,bison_2,bison_2-175,18.48725,no,
25,6,2022,6/25/2022,176,bison_2,bison_2-176,14.551,no,
26,6,2022,6/26/2022,177,bison_2,bison_2-177,20.718,no,
27,6,2022,6/27/2022,178,bison_2,bison_2-178,25.244,no,
28,6,2022,6/28/2022,179,bison_2,bison_2-179,25.61925,no,
29,6,2022,6/29/2022,180,bison_2,bison_2-180,23.09925,no,
30,6,2022,6/30/2022,181,bison_2,bison_2-181,19.34525,no,
1,7,2022,7/1/2022,182,bison_2,bison_2-182,24.74,no,
2,7,2022,7/2/2022,183,bison_2,bison_2-183,27.31425,no,
3,7,2022,7/3/2022,184,bison_2,bison_2-184,19.3455,no,
4,7,2022,7/4/2022,185,bison_2,bison_2-185,23.7965,no,
5,7,2022,7/5/2022,186,bison_2,bison_2-186,22.74525,no,
6,7,2022,7/6/2022,187,bison_2,bison_2-187,22.63775,no,
7,7,2022,7/7/2022,188,bison_2,bison_2-188,24.74,no,
8,7,2022,7/8/2022,189,bison_2,bison_2-189,26.83125,Y,22.061975
9,7,2022,7/9/2022,190,bison_2,bison_2-190,26.5525,no,
10,7,2022,7/10/2022,191,bison_2,bison_2-191,19.64575,no,
11,7,2022,7/11/2022,192,bison_2,bison_2-192,22.9385,no,
12,7,2022,7/12/2022,193,bison_2,bison_2-193,26.20925,no,
13,7,2022,7/13/2022,194,bison_2,bison_2-194,26.9815,no,
14,7,2022,7/14/2022,195,bison_2,bison_2-195,25.5875,no,
15,7,2022,7/15/2022,196,bison_2,bison_2-196,26.4345,no,
16,7,2022,7/16/2022,197,bison_2,bison_2-197,26.42375,no,
17,7,2022,7/17/2022,198,bison_2,bison_2-198,31.261,no,
18,7,2022,7/18/2022,199,bison_2,bison_2-199,23.81775,no,
19,7,2022,7/19/2022,200,bison_2,bison_2-200,25.4905,no,
20,7,2022,7/20/2022,201,bison_2,bison_2-201,23.90325,no,
21,7,2022,7/21/2022,202,bison_2,bison_2-202,23.99975,no,
22,7,2022,7/22/2022,203,bison_2,bison_2-203,25.54425,no,
23,7,2022,7/23/2022,204,bison_2,bison_2-204,21.46875,no,
24,7,2022,7/24/2022,205,bison_2,bison_2-205,26.11275,no,
25,7,2022,7/25/2022,206,bison_2,bison_2-206,22.0695,no,
26,7,2022,7/26/2022,207,bison_2,bison_2-207,21.4475,no,
27,7,2022,7/27/2022,208,bison_2,bison_2-208,20.7075,no,
28,7,2022,7/28/2022,209,bison_2,bison_2-209,23.04525,no,
29,7,2022,7/29/2022,210,bison_2,bison_2-210,29.148,no,
30,7,2022,7/30/2022,211,bison_2,bison_2-211,25.79125,no,
31,7,2022,7/31/2022,212,bison_2,bison_2-212,28.39725,no,
1,8,2022,8/1/2022,213,bison_2,bison_2-213,31.1,no,
2,8,2022,8/2/2022,214,bison_2,bison_2-214,20.78275,Y,25.436575
3,8,2022,8/3/2022,215,bison_2,bison_2-215,26.49875,no,
4,8,2022,8/4/2022,216,bison_2,bison_2-216,24.55775,no,
5,8,2022,8/5/2022,217,bison_2,bison_2-217,21.587,no,
6,8,2022,8/6/2022,218,bison_2,bison_2-218,16.1495,no,
7,8,2022,8/7/2022,219,bison_2,bison_2-219,25.802,no,
8,8,2022,8/8/2022,220,bison_2,bison_2-220,28.01125,no,
9,8,2022,8/9/2022,221,bison_2,bison_2-221,23.957,no,
10,8,2022,8/10/2022,222,bison_2,bison_2-222,27.32475,no,
11,8,2022,8/11/2022,223,bison_2,bison_2-223,27.6465,no,
12,8,2022,8/12/2022,224,bison_2,bison_2-224,29.84525,no,
13,8,2022,8/13/2022,225,bison_2,bison_2-225,28.097,no,
14,8,2022,8/14/2022,226,bison_2,bison_2-226,24.5255,no,
15,8,2022,8/15/2022,227,bison_2,bison_2-227,23.69975,no,
16,8,2022,8/16/2022,228,bison_2,bison_2-228,27.55,no,
17,8,2022,8/17/2022,229,bison_2,bison_2-229,24.5575,no,
18,8,2022,8/18/2022,230,bison_2,bison_2-230,21.415,no,
19,8,2022,8/19/2022,231,bison_2,bison_2-231,25.11525,no,
20,8,2022,8/20/2022,232,bison_2,bison_2-232,25.43725,no,
21,8,2022,8/21/2022,233,bison_2,bison_2-233,24.225,no,
22,8,2022,8/22/2022,234,bison_2,bison_2-234,28.38675,no,
23,8,2022,8/23/2022,235,bison_2,bison_2-235,18.14425,no,
24,8,2022,8/24/2022,236,bison_2,bison_2-236,21.10425,no,
25,8,2022,8/25/2022,237,bison_2,bison_2-237,19.67775,no,
26,8,2022,8/26/2022,238,bison_2,bison_2-238,26.23075,no,
27,8,2022,8/27/2022,239,bison_2,bison_2-239,26.7455,no,
28,8,2022,8/28/2022,240,bison_2,bison_2-240,18.82,no,
29,8,2022,8/29/2022,241,bison_2,bison_2-241,23.34575,no,
30,8,2022,8/30/2022,242,bison_2,bison_2-242,25.952,no,
31,8,2022,8/31/2022,243,bison_2,bison_2-243,27.979,no,
1,9,2022,9/1/2022,244,bison_2,bison_2-244,23.217,no,
2,9,2022,9/2/2022,245,bison_2,bison_2-245,NA,Y,24.2112625
3,9,2022,9/3/2022,246,bison_2,bison_2-246,NA,no,
9,6,2022,6/9/2022,160,bison_3,bison_3-160,NA,no,
10,6,2022,6/10/2022,161,bison_3,bison_3-161,NA,no,
11,6,2022,6/11/2022,162,bison_3,bison_3-162,NA,no,
12,6,2022,6/12/2022,163,bison_3,bison_3-163,NA,no,
13,6,2022,6/13/2022,164,bison_3,bison_3-164,NA,no,
14,6,2022,6/14/2022,165,bison_3,bison_3-165,NA,Y,
15,6,2022,6/15/2022,166,bison_3,bison_3-166,13.57525,no,
16,6,2022,6/16/2022,167,bison_3,bison_3-167,21.35075,no,
17,6,2022,6/17/2022,168,bison_3,bison_3-168,28.762,no,
18,6,2022,6/18/2022,169,bison_3,bison_3-169,25.89825,no,
19,6,2022,6/19/2022,170,bison_3,bison_3-170,14.75475,no,
20,6,2022,6/20/2022,171,bison_3,bison_3-171,18.79825,no,
21,6,2022,6/21/2022,172,bison_3,bison_3-172,19.17375,no,
22,6,2022,6/22/2022,173,bison_3,bison_3-173,23.83925,no,
23,6,2022,6/23/2022,174,bison_3,bison_3-174,23.63525,no,
24,6,2022,6/24/2022,175,bison_3,bison_3-175,16.41725,no,
25,6,2022,6/25/2022,176,bison_3,bison_3-176,15.91325,no,
26,6,2022,6/26/2022,177,bison_3,bison_3-177,19.29175,no,
27,6,2022,6/27/2022,178,bison_3,bison_3-178,24.13925,no,
28,6,2022,6/28/2022,179,bison_3,bison_3-179,25.37275,no,
29,6,2022,6/29/2022,180,bison_3,bison_3-180,19.62425,no,
30,6,2022,6/30/2022,181,bison_3,bison_3-181,20.12825,no,
1,7,2022,7/1/2022,182,bison_3,bison_3-182,25.062,no,
2,7,2022,7/2/2022,183,bison_3,bison_3-183,25.6625,no,
3,7,2022,7/3/2022,184,bison_3,bison_3-184,17.919,no,
4,7,2022,7/4/2022,185,bison_3,bison_3-185,23.9465,no,
5,7,2022,7/5/2022,186,bison_3,bison_3-186,19.9995,Y,21.1632125
6,7,2022,7/6/2022,187,bison_3,bison_3-187,22.9595,no,
7,7,2022,7/7/2022,188,bison_3,bison_3-188,23.807,no,
8,7,2022,7/8/2022,189,bison_3,bison_3-189,27.0565,no,
9,7,2022,7/9/2022,190,bison_3,bison_3-190,25.126,no,
10,7,2022,7/10/2022,191,bison_3,bison_3-191,20.3,no,
11,7,2022,7/11/2022,192,bison_3,bison_3-192,20.79325,no,
12,7,2022,7/12/2022,193,bison_3,bison_3-193,25.7805,no,
13,7,2022,7/13/2022,194,bison_3,bison_3-194,27.786,no,
14,7,2022,7/14/2022,195,bison_3,bison_3-195,27.432,no,
15,7,2022,7/15/2022,196,bison_3,bison_3-196,27.81825,no,
16,7,2022,7/16/2022,197,bison_3,bison_3-197,28.12925,no,
17,7,2022,7/17/2022,198,bison_3,bison_3-198,33.4915,no,
18,7,2022,7/18/2022,199,bison_3,bison_3-199,24.03225,no,
19,7,2022,7/19/2022,200,bison_3,bison_3-200,24.87925,no,
20,7,2022,7/20/2022,201,bison_3,bison_3-201,26.17725,no,
21,7,2022,7/21/2022,202,bison_3,bison_3-202,25.80175,no,
22,7,2022,7/22/2022,203,bison_3,bison_3-203,26.4345,no,
23,7,2022,7/23/2022,204,bison_3,bison_3-204,23.496,no,
24,7,2022,7/24/2022,205,bison_3,bison_3-205,26.65975,no,
25,7,2022,7/25/2022,206,bison_3,bison_3-206,22.316,no,
26,7,2022,7/26/2022,207,bison_3,bison_3-207,22.6595,no,
27,7,2022,7/27/2022,208,bison_3,bison_3-208,21.03975,no,
28,7,2022,7/28/2022,209,bison_3,bison_3-209,25.05125,no,
29,7,2022,7/29/2022,210,bison_3,bison_3-210,30.2205,no,
30,7,2022,7/30/2022,211,bison_3,bison_3-211,26.68125,no,
31,7,2022,7/31/2022,212,bison_3,bison_3-212,29.0945,no,
1,8,2022,8/1/2022,213,bison_3,bison_3-213,33.92075,no,
2,8,2022,8/2/2022,214,bison_3,bison_3-214,22.18725,no,
3,8,2022,8/3/2022,215,bison_3,bison_3-215,28.1935,no,
4,8,2022,8/4/2022,216,bison_3,bison_3-216,26.4775,no,
5,8,2022,8/5/2022,217,bison_3,bison_3-217,22.316,Y,26.3471625
6,8,2022,8/6/2022,218,bison_3,bison_3-218,15.066,no,
7,8,2022,8/7/2022,219,bison_3,bison_3-219,26.885,no,
8,8,2022,8/8/2022,220,bison_3,bison_3-220,28.8475,no,
9,8,2022,8/9/2022,221,bison_3,bison_3-221,26.2095,no,
10,8,2022,8/10/2022,222,bison_3,bison_3-222,28.12925,no,
11,8,2022,8/11/2022,223,bison_3,bison_3-223,27.14225,no,
12,8,2022,8/12/2022,224,bison_3,bison_3-224,27.9575,no,
13,8,2022,8/13/2022,225,bison_3,bison_3-225,30.39225,no,
14,8,2022,8/14/2022,226,bison_3,bison_3-226,25.27625,no,
15,8,2022,8/15/2022,227,bison_3,bison_3-227,26.60625,no,
16,8,2022,8/16/2022,228,bison_3,bison_3-228,28.215,no,
17,8,2022,8/17/2022,229,bison_3,bison_3-229,25.523,no,
18,8,2022,8/18/2022,230,bison_3,bison_3-230,23.839,no,
19,8,2022,8/19/2022,231,bison_3,bison_3-231,26.47725,no,
20,8,2022,8/20/2022,232,bison_3,bison_3-232,25.51225,no,
21,8,2022,8/21/2022,233,bison_3,bison_3-233,25.49075,no,
22,8,2022,8/22/2022,234,bison_3,bison_3-234,27.357,no,
23,8,2022,8/23/2022,235,bison_3,bison_3-235,18.026,no,
24,8,2022,8/24/2022,236,bison_3,bison_3-236,21.941,no,
25,8,2022,8/25/2022,237,bison_3,bison_3-237,20.09625,no,
26,8,2022,8/26/2022,238,bison_3,bison_3-238,25.748,no,
27,8,2022,8/27/2022,239,bison_3,bison_3-239,25.255,no,
28,8,2022,8/28/2022,240,bison_3,bison_3-240,17.92975,no,
29,8,2022,8/29/2022,241,bison_3,bison_3-241,23.81775,no,
30,8,2022,8/30/2022,242,bison_3,bison_3-242,27.39975,no,
31,8,2022,8/31/2022,243,bison_3,bison_3-243,28.82625,no,
1,9,2022,9/1/2022,244,bison_3,bison_3-244,NA,Y,25.0843125
2,9,2022,9/2/2022,245,bison_3,bison_3-245,NA,no,
3,9,2022,9/3/2022,246,bison_3,bison_3-246,NA,no,
9,6,2022,6/9/2022,160,cattle_1,cattle_1-160,NA,no,
10,6,2022,6/10/2022,161,cattle_1,cattle_1-161,NA,no,
11,6,2022,6/11/2022,162,cattle_1,cattle_1-162,NA,no,
12,6,2022,6/12/2022,163,cattle_1,cattle_1-163,NA,no,
13,6,2022,6/13/2022,164,cattle_1,cattle_1-164,NA,no,
14,6,2022,6/14/2022,165,cattle_1,cattle_1-165,12.42775,no,
15,6,2022,6/15/2022,166,cattle_1,cattle_1-166,11.7735,no,
16,6,2022,6/16/2022,167,cattle_1,cattle_1-167,22.52,Y,
17,6,2022,6/17/2022,168,cattle_1,cattle_1-168,28.2365,no,
18,6,2022,6/18/2022,169,cattle_1,cattle_1-169,26.20925,no,
19,6,2022,6/19/2022,170,cattle_1,cattle_1-170,14.562,no,
20,6,2022,6/20/2022,171,cattle_1,cattle_1-171,17.018,no,
21,6,2022,6/21/2022,172,cattle_1,cattle_1-172,18.412,no,
22,6,2022,6/22/2022,173,cattle_1,cattle_1-173,24.515,no,
23,6,2022,6/23/2022,174,cattle_1,cattle_1-174,22.6485,no,
24,6,2022,6/24/2022,175,cattle_1,cattle_1-175,16.857,no,
25,6,2022,6/25/2022,176,cattle_1,cattle_1-176,15.64525,no,
26,6,2022,6/26/2022,177,cattle_1,cattle_1-177,22.3485,no,
27,6,2022,6/27/2022,178,cattle_1,cattle_1-178,26.9495,no,
28,6,2022,6/28/2022,179,cattle_1,cattle_1-179,24.665,no,
29,6,2022,6/29/2022,180,cattle_1,cattle_1-180,21.89775,no,
30,6,2022,6/30/2022,181,cattle_1,cattle_1-181,21.533,no,
1,7,2022,7/1/2022,182,cattle_1,cattle_1-182,24.869,no,
2,7,2022,7/2/2022,183,cattle_1,cattle_1-183,27.62525,no,
3,7,2022,7/3/2022,184,cattle_1,cattle_1-184,16.2995,no,
4,7,2022,7/4/2022,185,cattle_1,cattle_1-185,23.603,no,
5,7,2022,7/5/2022,186,cattle_1,cattle_1-186,18.27275,no,
6,7,2022,7/6/2022,187,cattle_1,cattle_1-187,23.82825,no,
7,7,2022,7/7/2022,188,cattle_1,cattle_1-188,24.268,no,
8,7,2022,7/8/2022,189,cattle_1,cattle_1-189,25.3085,no,
9,7,2022,7/9/2022,190,cattle_1,cattle_1-190,23.32425,no,
10,7,2022,7/10/2022,191,cattle_1,cattle_1-191,19.36675,no,
11,7,2022,7/11/2022,192,cattle_1,cattle_1-192,22.906,no,
12,7,2022,7/12/2022,193,cattle_1,cattle_1-193,27.13175,Y,22.3365375
13,7,2022,7/13/2022,194,cattle_1,cattle_1-194,28.3115,no,
14,7,2022,7/14/2022,195,cattle_1,cattle_1-195,28.15075,no,
15,7,2022,7/15/2022,196,cattle_1,cattle_1-196,25.63025,no,
16,7,2022,7/16/2022,197,cattle_1,cattle_1-197,28.6545,no,
17,7,2022,7/17/2022,198,cattle_1,cattle_1-198,32.1405,no,
18,7,2022,7/18/2022,199,cattle_1,cattle_1-199,22.75575,no,
19,7,2022,7/19/2022,200,cattle_1,cattle_1-200,23.6565,no,
20,7,2022,7/20/2022,201,cattle_1,cattle_1-201,25.86625,no,
21,7,2022,7/21/2022,202,cattle_1,cattle_1-202,27.679,no,
22,7,2022,7/22/2022,203,cattle_1,cattle_1-203,26.0055,no,
23,7,2022,7/23/2022,204,cattle_1,cattle_1-204,25.55525,no,
24,7,2022,7/24/2022,205,cattle_1,cattle_1-205,25.834,no,
25,7,2022,7/25/2022,206,cattle_1,cattle_1-206,22.2195,no,
26,7,2022,7/26/2022,207,cattle_1,cattle_1-207,22.70225,no,
27,7,2022,7/27/2022,208,cattle_1,cattle_1-208,24.03225,no,
28,7,2022,7/28/2022,209,cattle_1,cattle_1-209,28.569,no,
29,7,2022,7/29/2022,210,cattle_1,cattle_1-210,31.82925,no,
30,7,2022,7/30/2022,211,cattle_1,cattle_1-211,26.46675,no,
31,7,2022,7/31/2022,212,cattle_1,cattle_1-212,30.20975,no,
1,8,2022,8/1/2022,213,cattle_1,cattle_1-213,30.9285,no,
2,8,2022,8/2/2022,214,cattle_1,cattle_1-214,27.31425,no,
3,8,2022,8/3/2022,215,cattle_1,cattle_1-215,26.93875,no,
4,8,2022,8/4/2022,216,cattle_1,cattle_1-216,25.39425,no,
5,8,2022,8/5/2022,217,cattle_1,cattle_1-217,21.34,no,
6,8,2022,8/6/2022,218,cattle_1,cattle_1-218,16.79275,no,
7,8,2022,8/7/2022,219,cattle_1,cattle_1-219,25.5875,no,
8,8,2022,8/8/2022,220,cattle_1,cattle_1-220,28.72975,Y,25.7460625
9,8,2022,8/9/2022,221,cattle_1,cattle_1-221,28.72975,no,
10,8,2022,8/10/2022,222,cattle_1,cattle_1-222,29.824,no,
11,8,2022,8/11/2022,223,cattle_1,cattle_1-223,29.8555,no,
12,8,2022,8/12/2022,224,cattle_1,cattle_1-224,31.97925,no,
13,8,2022,8/13/2022,225,cattle_1,cattle_1-225,30.3495,no,
14,8,2022,8/14/2022,226,cattle_1,cattle_1-226,28.558,no,
15,8,2022,8/15/2022,227,cattle_1,cattle_1-227,28.50475,no,
16,8,2022,8/16/2022,228,cattle_1,cattle_1-228,31.175,no,
17,8,2022,8/17/2022,229,cattle_1,cattle_1-229,27.3245,no,
18,8,2022,8/18/2022,230,cattle_1,cattle_1-230,26.649,no,
19,8,2022,8/19/2022,231,cattle_1,cattle_1-231,27.239,no,
20,8,2022,8/20/2022,232,cattle_1,cattle_1-232,28.526,no,
21,8,2022,8/21/2022,233,cattle_1,cattle_1-233,29.00875,no,
22,8,2022,8/22/2022,234,cattle_1,cattle_1-234,28.90125,no,
23,8,2022,8/23/2022,235,cattle_1,cattle_1-235,21.962,no,
24,8,2022,8/24/2022,236,cattle_1,cattle_1-236,20.525,no,
25,8,2022,8/25/2022,237,cattle_1,cattle_1-237,21.2115,no,
26,8,2022,8/26/2022,238,cattle_1,cattle_1-238,24.26825,no,
27,8,2022,8/27/2022,239,cattle_1,cattle_1-239,23.34575,no,
28,8,2022,8/28/2022,240,cattle_1,cattle_1-240,16.88925,no,
29,8,2022,8/29/2022,241,cattle_1,cattle_1-241,23.77475,no,
30,8,2022,8/30/2022,242,cattle_1,cattle_1-242,29.56625,no,
31,8,2022,8/31/2022,243,cattle_1,cattle_1-243,29.9095,no,
1,9,2022,9/1/2022,244,cattle_1,cattle_1-244,26.7885,no,
2,9,2022,9/2/2022,245,cattle_1,cattle_1-245,27.7215,no,
3,9,2022,9/3/2022,246,cattle_1,cattle_1-246,NA,Y,26.092425
9,6,2022,6/9/2022,160,cattle_2,cattle_2-160,NA,no,
10,6,2022,6/10/2022,161,cattle_2,cattle_2-161,NA,Y,
11,6,2022,6/11/2022,162,cattle_2,cattle_2-162,20.08525,no,
12,6,2022,6/12/2022,163,cattle_2,cattle_2-163,19.7955,no,
13,6,2022,6/13/2022,164,cattle_2,cattle_2-164,13.8755,no,
14,6,2022,6/14/2022,165,cattle_2,cattle_2-165,11.92325,no,
15,6,2022,6/15/2022,166,cattle_2,cattle_2-166,12.717,no,
16,6,2022,6/16/2022,167,cattle_2,cattle_2-167,22.4555,no,
17,6,2022,6/17/2022,168,cattle_2,cattle_2-168,30.89625,no,
18,6,2022,6/18/2022,169,cattle_2,cattle_2-169,24.70775,no,
19,6,2022,6/19/2022,170,cattle_2,cattle_2-170,13.972,no,
20,6,2022,6/20/2022,171,cattle_2,cattle_2-171,18.81975,no,
21,6,2022,6/21/2022,172,cattle_2,cattle_2-172,18.305,no,
22,6,2022,6/22/2022,173,cattle_2,cattle_2-173,22.327,no,
23,6,2022,6/23/2022,174,cattle_2,cattle_2-174,23.72125,no,
24,6,2022,6/24/2022,175,cattle_2,cattle_2-175,14.93725,no,
25,6,2022,6/25/2022,176,cattle_2,cattle_2-176,14.78725,no,
26,6,2022,6/26/2022,177,cattle_2,cattle_2-177,22.166,no,
27,6,2022,6/27/2022,178,cattle_2,cattle_2-178,22.95975,no,
28,6,2022,6/28/2022,179,cattle_2,cattle_2-179,24.783,no,
29,6,2022,6/29/2022,180,cattle_2,cattle_2-180,21.104,no,
30,6,2022,6/30/2022,181,cattle_2,cattle_2-181,17.833,no,
1,7,2022,7/1/2022,182,cattle_2,cattle_2-182,20.80375,no,
2,7,2022,7/2/2022,183,cattle_2,cattle_2-183,25.0725,no,
3,7,2022,7/3/2022,184,cattle_2,cattle_2-184,17.683,no,
4,7,2022,7/4/2022,185,cattle_2,cattle_2-185,21.812,no,
5,7,2022,7/5/2022,186,cattle_2,cattle_2-186,18.1335,no,
6,7,2022,7/6/2022,187,cattle_2,cattle_2-187,23.024,Y,20.863975
7,7,2022,7/7/2022,188,cattle_2,cattle_2-188,25.80175,no,
8,7,2022,7/8/2022,189,cattle_2,cattle_2-189,27.121,no,
9,7,2022,7/9/2022,190,cattle_2,cattle_2-190,25.85575,no,
10,7,2022,7/10/2022,191,cattle_2,cattle_2-191,18.41225,no,
11,7,2022,7/11/2022,192,cattle_2,cattle_2-192,22.05875,no,
12,7,2022,7/12/2022,193,cattle_2,cattle_2-193,27.34625,no,
13,7,2022,7/13/2022,194,cattle_2,cattle_2-194,26.5095,no,
14,7,2022,7/14/2022,195,cattle_2,cattle_2-195,26.2845,no,
15,7,2022,7/15/2022,196,cattle_2,cattle_2-196,24.76125,no,
16,7,2022,7/16/2022,197,cattle_2,cattle_2-197,25.9305,no,
17,7,2022,7/17/2022,198,cattle_2,cattle_2-198,31.143,no,
18,7,2022,7/18/2022,199,cattle_2,cattle_2-199,19.58125,no,
19,7,2022,7/19/2022,200,cattle_2,cattle_2-200,24.65425,no,
20,7,2022,7/20/2022,201,cattle_2,cattle_2-201,22.831,no,
21,7,2022,7/21/2022,202,cattle_2,cattle_2-202,23.088,no,
22,7,2022,7/22/2022,203,cattle_2,cattle_2-203,25.5335,no,
23,7,2022,7/23/2022,204,cattle_2,cattle_2-204,22.05875,no,
24,7,2022,7/24/2022,205,cattle_2,cattle_2-205,28.4615,no,
25,7,2022,7/25/2022,206,cattle_2,cattle_2-206,23.9035,no,
26,7,2022,7/26/2022,207,cattle_2,cattle_2-207,22.756,no,
27,7,2022,7/27/2022,208,cattle_2,cattle_2-208,21.06125,no,
28,7,2022,7/28/2022,209,cattle_2,cattle_2-209,27.12075,no,
29,7,2022,7/29/2022,210,cattle_2,cattle_2-210,32.6015,no,
30,7,2022,7/30/2022,211,cattle_2,cattle_2-211,25.5765,no,
31,7,2022,7/31/2022,212,cattle_2,cattle_2-212,31.11075,no,
1,8,2022,8/1/2022,213,cattle_2,cattle_2-213,31.4325,no,
2,8,2022,8/2/2022,214,cattle_2,cattle_2-214,22.284,no,
3,8,2022,8/3/2022,215,cattle_2,cattle_2-215,27.30325,no,
4,8,2022,8/4/2022,216,cattle_2,cattle_2-216,23.56025,no,
5,8,2022,8/5/2022,217,cattle_2,cattle_2-217,19.356,Y,25.5996
6,8,2022,8/6/2022,218,cattle_2,cattle_2-218,16.2885,no,
7,8,2022,8/7/2022,219,cattle_2,cattle_2-219,25.36225,no,
8,8,2022,8/8/2022,220,cattle_2,cattle_2-220,27.18525,no,
9,8,2022,8/9/2022,221,cattle_2,cattle_2-221,26.07,no,
10,8,2022,8/10/2022,222,cattle_2,cattle_2-222,28.41875,no,
11,8,2022,8/11/2022,223,cattle_2,cattle_2-223,29.10525,no,
12,8,2022,8/12/2022,224,cattle_2,cattle_2-224,29.8775,no,
13,8,2022,8/13/2022,225,cattle_2,cattle_2-225,27.582,no,
14,8,2022,8/14/2022,226,cattle_2,cattle_2-226,25.641,no,
15,8,2022,8/15/2022,227,cattle_2,cattle_2-227,26.18775,no,
16,8,2022,8/16/2022,228,cattle_2,cattle_2-228,30.7995,no,
17,8,2022,8/17/2022,229,cattle_2,cattle_2-229,25.4155,no,
18,8,2022,8/18/2022,230,cattle_2,cattle_2-230,23.23825,no,
19,8,2022,8/19/2022,231,cattle_2,cattle_2-231,27.303,no,
20,8,2022,8/20/2022,232,cattle_2,cattle_2-232,28.11825,no,
21,8,2022,8/21/2022,233,cattle_2,cattle_2-233,26.102,no,
22,8,2022,8/22/2022,234,cattle_2,cattle_2-234,26.24175,no,
23,8,2022,8/23/2022,235,cattle_2,cattle_2-235,19.12,no,
24,8,2022,8/24/2022,236,cattle_2,cattle_2-236,22.4235,no,
25,8,2022,8/25/2022,237,cattle_2,cattle_2-237,21.91925,no,
26,8,2022,8/26/2022,238,cattle_2,cattle_2-238,24.17175,no,
27,8,2022,8/27/2022,239,cattle_2,cattle_2-239,24.4185,no,
28,8,2022,8/28/2022,240,cattle_2,cattle_2-240,17.56475,no,
29,8,2022,8/29/2022,241,cattle_2,cattle_2-241,23.4635,no,
30,8,2022,8/30/2022,242,cattle_2,cattle_2-242,25.169,no,
31,8,2022,8/31/2022,243,cattle_2,cattle_2-243,28.22575,no,
1,9,2022,9/1/2022,244,cattle_2,cattle_2-244,25.008,no,
2,9,2022,9/2/2022,245,cattle_2,cattle_2-245,NA,Y,24.90565
3,9,2022,9/3/2022,246,cattle_2,cattle_2-246,NA,no,
9,6,2022,6/9/2022,160,cattle_3,cattle_3-160,NA,no,
10,6,2022,6/10/2022,161,cattle_3,cattle_3-161,NA,no,
11,6,2022,6/11/2022,162,cattle_3,cattle_3-162,NA,no,
12,6,2022,6/12/2022,163,cattle_3,cattle_3-163,NA,no,
13,6,2022,6/13/2022,164,cattle_3,cattle_3-164,NA,no,
14,6,2022,6/14/2022,165,cattle_3,cattle_3-165,NA,no,
15,6,2022,6/15/2022,166,cattle_3,cattle_3-166,NA,no,
16,6,2022,6/16/2022,167,cattle_3,cattle_3-167,NA,no,
17,6,2022,6/17/2022,168,cattle_3,cattle_3-168,NA,Y,
18,6,2022,6/18/2022,169,cattle_3,cattle_3-169,24.53625,no,
19,6,2022,6/19/2022,170,cattle_3,cattle_3-170,14.519,no,
20,6,2022,6/20/2022,171,cattle_3,cattle_3-171,17.608,no,
21,6,2022,6/21/2022,172,cattle_3,cattle_3-172,18.5625,no,
22,6,2022,6/22/2022,173,cattle_3,cattle_3-173,23.96775,no,
23,6,2022,6/23/2022,174,cattle_3,cattle_3-174,23.1205,no,
24,6,2022,6/24/2022,175,cattle_3,cattle_3-175,15.05525,no,
25,6,2022,6/25/2022,176,cattle_3,cattle_3-176,16.8035,no,
26,6,2022,6/26/2022,177,cattle_3,cattle_3-177,21.19,no,
27,6,2022,6/27/2022,178,cattle_3,cattle_3-178,24.55775,no,
28,6,2022,6/28/2022,179,cattle_3,cattle_3-179,25.14775,no,
29,6,2022,6/29/2022,180,cattle_3,cattle_3-180,22.005,no,
30,6,2022,6/30/2022,181,cattle_3,cattle_3-181,20.9005,no,
1,7,2022,7/1/2022,182,cattle_3,cattle_3-182,23.87125,no,
2,7,2022,7/2/2022,183,cattle_3,cattle_3-183,25.50175,no,
3,7,2022,7/3/2022,184,cattle_3,cattle_3-184,17.404,no,
4,7,2022,7/4/2022,185,cattle_3,cattle_3-185,22.67,no,
5,7,2022,7/5/2022,186,cattle_3,cattle_3-186,17.919,Y,21.02475
6,7,2022,7/6/2022,187,cattle_3,cattle_3-187,23.71025,no,
7,7,2022,7/7/2022,188,cattle_3,cattle_3-188,22.788,no,
8,7,2022,7/8/2022,189,cattle_3,cattle_3-189,25.12625,no,
9,7,2022,7/9/2022,190,cattle_3,cattle_3-190,24.1715,no,
10,7,2022,7/10/2022,191,cattle_3,cattle_3-191,20.50375,no,
11,7,2022,7/11/2022,192,cattle_3,cattle_3-192,23.453,no,
12,7,2022,7/12/2022,193,cattle_3,cattle_3-193,26.381,no,
13,7,2022,7/13/2022,194,cattle_3,cattle_3-194,27.24975,no,
14,7,2022,7/14/2022,195,cattle_3,cattle_3-195,29.74875,no,
15,7,2022,7/15/2022,196,cattle_3,cattle_3-196,26.32725,no,
16,7,2022,7/16/2022,197,cattle_3,cattle_3-197,29.0945,no,
17,7,2022,7/17/2022,198,cattle_3,cattle_3-198,32.16175,no,
18,7,2022,7/18/2022,199,cattle_3,cattle_3-199,20.686,no,
19,7,2022,7/19/2022,200,cattle_3,cattle_3-200,25.71625,no,
20,7,2022,7/20/2022,201,cattle_3,cattle_3-201,26.11275,no,
21,7,2022,7/21/2022,202,cattle_3,cattle_3-202,27.08875,no,
22,7,2022,7/22/2022,203,cattle_3,cattle_3-203,26.971,no,
23,7,2022,7/23/2022,204,cattle_3,cattle_3-204,24.7185,no,
24,7,2022,7/24/2022,205,cattle_3,cattle_3-205,26.48825,no,
25,7,2022,7/25/2022,206,cattle_3,cattle_3-206,24.15025,no,
26,7,2022,7/26/2022,207,cattle_3,cattle_3-207,25.00825,no,
27,7,2022,7/27/2022,208,cattle_3,cattle_3-208,24.08575,no,
28,7,2022,7/28/2022,209,cattle_3,cattle_3-209,25.90925,no,
29,7,2022,7/29/2022,210,cattle_3,cattle_3-210,31.16425,no,
30,7,2022,7/30/2022,211,cattle_3,cattle_3-211,27.8825,no,
31,7,2022,7/31/2022,212,cattle_3,cattle_3-212,29.87725,no,
1,8,2022,8/1/2022,213,cattle_3,cattle_3-213,32.78375,no,
2,8,2022,8/2/2022,214,cattle_3,cattle_3-214,26.19875,Y,27.1612375
3,8,2022,8/3/2022,215,cattle_3,cattle_3-215,29.416,no,
4,8,2022,8/4/2022,216,cattle_3,cattle_3-216,27.904,no,
5,8,2022,8/5/2022,217,cattle_3,cattle_3-217,21.82275,no,
6,8,2022,8/6/2022,218,cattle_3,cattle_3-218,14.487,no,
7,8,2022,8/7/2022,219,cattle_3,cattle_3-219,26.75625,no,
8,8,2022,8/8/2022,220,cattle_3,cattle_3-220,28.70825,no,
9,8,2022,8/9/2022,221,cattle_3,cattle_3-221,25.8875,no,
10,8,2022,8/10/2022,222,cattle_3,cattle_3-222,28.65475,no,
11,8,2022,8/11/2022,223,cattle_3,cattle_3-223,30.79975,no,
12,8,2022,8/12/2022,224,cattle_3,cattle_3-224,28.129,no,
13,8,2022,8/13/2022,225,cattle_3,cattle_3-225,29.83475,no,
14,8,2022,8/14/2022,226,cattle_3,cattle_3-226,30.0275,no,
15,8,2022,8/15/2022,227,cattle_3,cattle_3-227,27.829,no,
16,8,2022,8/16/2022,228,cattle_3,cattle_3-228,29.64125,no,
17,8,2022,8/17/2022,229,cattle_3,cattle_3-229,27.7325,no,
18,8,2022,8/18/2022,230,cattle_3,cattle_3-230,26.059,no,
19,8,2022,8/19/2022,231,cattle_3,cattle_3-231,27.078,no,
20,8,2022,8/20/2022,232,cattle_3,cattle_3-232,26.81,no,
21,8,2022,8/21/2022,233,cattle_3,cattle_3-233,28.38675,no,
22,8,2022,8/22/2022,234,cattle_3,cattle_3-234,27.9145,no,
23,8,2022,8/23/2022,235,cattle_3,cattle_3-235,20.11775,no,
24,8,2022,8/24/2022,236,cattle_3,cattle_3-236,20.85775,no,
25,8,2022,8/25/2022,237,cattle_3,cattle_3-237,19.34525,no,
26,8,2022,8/26/2022,238,cattle_3,cattle_3-238,25.04025,no,
27,8,2022,8/27/2022,239,cattle_3,cattle_3-239,24.472,no,
28,8,2022,8/28/2022,240,cattle_3,cattle_3-240,19.95675,no,
29,8,2022,8/29/2022,241,cattle_3,cattle_3-241,24.2575,no,
30,8,2022,8/30/2022,242,cattle_3,cattle_3-242,29.3735,no,
31,8,2022,8/31/2022,243,cattle_3,cattle_3-243,30.8855,no,
1,9,2022,9/1/2022,244,cattle_3,cattle_3-244,NA,Y,26.187425
2,9,2022,9/2/2022,245,cattle_3,cattle_3-245,NA,no,
3,9,2022,9/3/2022,246,cattle_3,cattle_3-246,NA,no,
9,6,2022,6/9/2022,160,ungrazed_1,ungrazed_1-160,NA,Y,
10,6,2022,6/10/2022,161,ungrazed_1,ungrazed_1-161,21.1795,no,
11,6,2022,6/11/2022,162,ungrazed_1,ungrazed_1-162,22.13375,no,
12,6,2022,6/12/2022,163,ungrazed_1,ungrazed_1-163,22.756,no,
13,6,2022,6/13/2022,164,ungrazed_1,ungrazed_1-164,15.956,no,
14,6,2022,6/14/2022,165,ungrazed_1,ungrazed_1-165,14.60475,no,
15,6,2022,6/15/2022,166,ungrazed_1,ungrazed_1-166,13.543,no,
16,6,2022,6/16/2022,167,ungrazed_1,ungrazed_1-167,24.58975,no,
17,6,2022,6/17/2022,168,ungrazed_1,ungrazed_1-168,28.80475,no,
18,6,2022,6/18/2022,169,ungrazed_1,ungrazed_1-169,26.5095,no,
19,6,2022,6/19/2022,170,ungrazed_1,ungrazed_1-170,15.849,no,
20,6,2022,6/20/2022,171,ungrazed_1,ungrazed_1-171,19.8495,no,
21,6,2022,6/21/2022,172,ungrazed_1,ungrazed_1-172,16.6425,no,
22,6,2022,6/22/2022,173,ungrazed_1,ungrazed_1-173,23.30275,no,
23,6,2022,6/23/2022,174,ungrazed_1,ungrazed_1-174,22.745,no,
24,6,2022,6/24/2022,175,ungrazed_1,ungrazed_1-175,16.1385,no,
25,6,2022,6/25/2022,176,ungrazed_1,ungrazed_1-176,15.4735,no,
26,6,2022,6/26/2022,177,ungrazed_1,ungrazed_1-177,19.1415,no,
27,6,2022,6/27/2022,178,ungrazed_1,ungrazed_1-178,20.3965,no,
28,6,2022,6/28/2022,179,ungrazed_1,ungrazed_1-179,24.30025,no,
29,6,2022,6/29/2022,180,ungrazed_1,ungrazed_1-180,22.39125,no,
30,6,2022,6/30/2022,181,ungrazed_1,ungrazed_1-181,17.1895,no,
1,7,2022,7/1/2022,182,ungrazed_1,ungrazed_1-182,23.2815,no,
2,7,2022,7/2/2022,183,ungrazed_1,ungrazed_1-183,25.8445,no,
3,7,2022,7/3/2022,184,ungrazed_1,ungrazed_1-184,17.7685,no,
4,7,2022,7/4/2022,185,ungrazed_1,ungrazed_1-185,23.528,Y,20.4183
5,7,2022,7/5/2022,186,ungrazed_1,ungrazed_1-186,17.3825,no,
6,7,2022,7/6/2022,187,ungrazed_1,ungrazed_1-187,22.048,no,
7,7,2022,7/7/2022,188,ungrazed_1,ungrazed_1-188,24.10725,no,
8,7,2022,7/8/2022,189,ungrazed_1,ungrazed_1-189,26.306,no,
9,7,2022,7/9/2022,190,ungrazed_1,ungrazed_1-190,23.9355,no,
10,7,2022,7/10/2022,191,ungrazed_1,ungrazed_1-191,20.71825,no,
11,7,2022,7/11/2022,192,ungrazed_1,ungrazed_1-192,21.8655,no,
12,7,2022,7/12/2022,193,ungrazed_1,ungrazed_1-193,27.11025,no,
13,7,2022,7/13/2022,194,ungrazed_1,ungrazed_1-194,27.003,no,
14,7,2022,7/14/2022,195,ungrazed_1,ungrazed_1-195,25.523,no,
15,7,2022,7/15/2022,196,ungrazed_1,ungrazed_1-196,23.88225,no,
16,7,2022,7/16/2022,197,ungrazed_1,ungrazed_1-197,26.19875,no,
17,7,2022,7/17/2022,198,ungrazed_1,ungrazed_1-198,28.451,no,
18,7,2022,7/18/2022,199,ungrazed_1,ungrazed_1-199,22.98125,no,
19,7,2022,7/19/2022,200,ungrazed_1,ungrazed_1-200,23.15275,no,
20,7,2022,7/20/2022,201,ungrazed_1,ungrazed_1-201,23.03475,no,
21,7,2022,7/21/2022,202,ungrazed_1,ungrazed_1-202,22.94875,no,
22,7,2022,7/22/2022,203,ungrazed_1,ungrazed_1-203,26.4345,no,
23,7,2022,7/23/2022,204,ungrazed_1,ungrazed_1-204,22.8525,no,
24,7,2022,7/24/2022,205,ungrazed_1,ungrazed_1-205,25.169,no,
25,7,2022,7/25/2022,206,ungrazed_1,ungrazed_1-206,22.62725,no,
26,7,2022,7/26/2022,207,ungrazed_1,ungrazed_1-207,24.46125,no,
27,7,2022,7/27/2022,208,ungrazed_1,ungrazed_1-208,19.946,no,
28,7,2022,7/28/2022,209,ungrazed_1,ungrazed_1-209,25.48,no,
29,7,2022,7/29/2022,210,ungrazed_1,ungrazed_1-210,31.12125,no,
30,7,2022,7/30/2022,211,ungrazed_1,ungrazed_1-211,25.90925,no,
31,7,2022,7/31/2022,212,ungrazed_1,ungrazed_1-212,29.41625,no,
1,8,2022,8/1/2022,213,ungrazed_1,ungrazed_1-213,30.31725,no,
2,8,2022,8/2/2022,214,ungrazed_1,ungrazed_1-214,26.25225,no,
3,8,2022,8/3/2022,215,ungrazed_1,ungrazed_1-215,25.69425,no,
4,8,2022,8/4/2022,216,ungrazed_1,ungrazed_1-216,24.80425,Y,25.316525
5,8,2022,8/5/2022,217,ungrazed_1,ungrazed_1-217,22.1445,no,
6,8,2022,8/6/2022,218,ungrazed_1,ungrazed_1-218,17.48975,no,
7,8,2022,8/7/2022,219,ungrazed_1,ungrazed_1-219,23.1525,no,
8,8,2022,8/8/2022,220,ungrazed_1,ungrazed_1-220,27.34625,no,
9,8,2022,8/9/2022,221,ungrazed_1,ungrazed_1-221,28.09675,no,
10,8,2022,8/10/2022,222,ungrazed_1,ungrazed_1-222,29.78075,no,
11,8,2022,8/11/2022,223,ungrazed_1,ungrazed_1-223,27.71075,no,
12,8,2022,8/12/2022,224,ungrazed_1,ungrazed_1-224,30.71375,no,
13,8,2022,8/13/2022,225,ungrazed_1,ungrazed_1-225,30.70325,no,
14,8,2022,8/14/2022,226,ungrazed_1,ungrazed_1-226,26.2845,no,
15,8,2022,8/15/2022,227,ungrazed_1,ungrazed_1-227,25.60875,no,
16,8,2022,8/16/2022,228,ungrazed_1,ungrazed_1-228,28.33275,no,
17,8,2022,8/17/2022,229,ungrazed_1,ungrazed_1-229,25.30825,no,
18,8,2022,8/18/2022,230,ungrazed_1,ungrazed_1-230,24.0645,no,
19,8,2022,8/19/2022,231,ungrazed_1,ungrazed_1-231,26.54175,no,
20,8,2022,8/20/2022,232,ungrazed_1,ungrazed_1-232,27.14225,no,
21,8,2022,8/21/2022,233,ungrazed_1,ungrazed_1-233,26.69175,no,
22,8,2022,8/22/2022,234,ungrazed_1,ungrazed_1-234,27.3465,no,
23,8,2022,8/23/2022,235,ungrazed_1,ungrazed_1-235,19.914,no,
24,8,2022,8/24/2022,236,ungrazed_1,ungrazed_1-236,22.60575,no,
25,8,2022,8/25/2022,237,ungrazed_1,ungrazed_1-237,19.978,no,
26,8,2022,8/26/2022,238,ungrazed_1,ungrazed_1-238,25.5765,no,
27,8,2022,8/27/2022,239,ungrazed_1,ungrazed_1-239,25.00825,no,
28,8,2022,8/28/2022,240,ungrazed_1,ungrazed_1-240,17.62925,no,
29,8,2022,8/29/2022,241,ungrazed_1,ungrazed_1-241,22.2195,no,
30,8,2022,8/30/2022,242,ungrazed_1,ungrazed_1-242,24.633,no,
31,8,2022,8/31/2022,243,ungrazed_1,ungrazed_1-243,28.408,no,
1,9,2022,9/1/2022,244,ungrazed_1,ungrazed_1-244,25.46925,no,
2,9,2022,9/2/2022,245,ungrazed_1,ungrazed_1-245,25.716,no,
3,9,2022,9/3/2022,246,ungrazed_1,ungrazed_1-246,31.0035,no,25.28114773
9,6,2022,6/9/2022,160,ungrazed_2,ungrazed_2-160,NA,no,
10,6,2022,6/10/2022,161,ungrazed_2,ungrazed_2-161,NA,no,
11,6,2022,6/11/2022,162,ungrazed_2,ungrazed_2-162,NA,no,
12,6,2022,6/12/2022,163,ungrazed_2,ungrazed_2-163,NA,no,
13,6,2022,6/13/2022,164,ungrazed_2,ungrazed_2-164,NA,no,
14,6,2022,6/14/2022,165,ungrazed_2,ungrazed_2-165,13.232,no,
15,6,2022,6/15/2022,166,ungrazed_2,ungrazed_2-166,12.74925,no,
16,6,2022,6/16/2022,167,ungrazed_2,ungrazed_2-167,24.815,Y,
17,6,2022,6/17/2022,168,ungrazed_2,ungrazed_2-168,28.49375,no,
18,6,2022,6/18/2022,169,ungrazed_2,ungrazed_2-169,28.708,no,
19,6,2022,6/19/2022,170,ungrazed_2,ungrazed_2-170,14.86225,no,
20,6,2022,6/20/2022,171,ungrazed_2,ungrazed_2-171,20.1605,no,
21,6,2022,6/21/2022,172,ungrazed_2,ungrazed_2-172,21.72625,no,
22,6,2022,6/22/2022,173,ungrazed_2,ungrazed_2-173,25.26575,no,
23,6,2022,6/23/2022,174,ungrazed_2,ungrazed_2-174,24.6865,no,
24,6,2022,6/24/2022,175,ungrazed_2,ungrazed_2-175,17.50075,no,
25,6,2022,6/25/2022,176,ungrazed_2,ungrazed_2-176,17.46825,no,
26,6,2022,6/26/2022,177,ungrazed_2,ungrazed_2-177,23.1205,no,
27,6,2022,6/27/2022,178,ungrazed_2,ungrazed_2-178,28.20425,no,
28,6,2022,6/28/2022,179,ungrazed_2,ungrazed_2-179,26.29525,no,
29,6,2022,6/29/2022,180,ungrazed_2,ungrazed_2-180,23.76425,no,
30,6,2022,6/30/2022,181,ungrazed_2,ungrazed_2-181,20.836,no,
1,7,2022,7/1/2022,182,ungrazed_2,ungrazed_2-182,26.252,no,
2,7,2022,7/2/2022,183,ungrazed_2,ungrazed_2-183,29.00825,no,
3,7,2022,7/3/2022,184,ungrazed_2,ungrazed_2-184,17.7045,no,
4,7,2022,7/4/2022,185,ungrazed_2,ungrazed_2-185,24.2465,no,
5,7,2022,7/5/2022,186,ungrazed_2,ungrazed_2-186,16.81425,no,
6,7,2022,7/6/2022,187,ungrazed_2,ungrazed_2-187,23.87125,no,
7,7,2022,7/7/2022,188,ungrazed_2,ungrazed_2-188,25.609,no,
8,7,2022,7/8/2022,189,ungrazed_2,ungrazed_2-189,26.60625,no,
9,7,2022,7/9/2022,190,ungrazed_2,ungrazed_2-190,25.6515,no,
10,7,2022,7/10/2022,191,ungrazed_2,ungrazed_2-191,22.49825,no,
11,7,2022,7/11/2022,192,ungrazed_2,ungrazed_2-192,24.815,no,
12,7,2022,7/12/2022,193,ungrazed_2,ungrazed_2-193,29.62,Y,23.5109125
13,7,2022,7/13/2022,194,ungrazed_2,ungrazed_2-194,30.564,no,
14,7,2022,7/14/2022,195,ungrazed_2,ungrazed_2-195,29.67375,no,
15,7,2022,7/15/2022,196,ungrazed_2,ungrazed_2-196,24.547,no,
16,7,2022,7/16/2022,197,ungrazed_2,ungrazed_2-197,29.84525,no,
17,7,2022,7/17/2022,198,ungrazed_2,ungrazed_2-198,32.51575,no,
18,7,2022,7/18/2022,199,ungrazed_2,ungrazed_2-199,24.118,no,
19,7,2022,7/19/2022,200,ungrazed_2,ungrazed_2-200,26.00575,no,
20,7,2022,7/20/2022,201,ungrazed_2,ungrazed_2-201,27.72175,no,
21,7,2022,7/21/2022,202,ungrazed_2,ungrazed_2-202,28.526,no,
22,7,2022,7/22/2022,203,ungrazed_2,ungrazed_2-203,28.57975,no,
23,7,2022,7/23/2022,204,ungrazed_2,ungrazed_2-204,25.7375,no,
24,7,2022,7/24/2022,205,ungrazed_2,ungrazed_2-205,27.28175,no,
25,7,2022,7/25/2022,206,ungrazed_2,ungrazed_2-206,24.697,no,
26,7,2022,7/26/2022,207,ungrazed_2,ungrazed_2-207,27.2175,no,
27,7,2022,7/27/2022,208,ungrazed_2,ungrazed_2-208,27.196,no,
28,7,2022,7/28/2022,209,ungrazed_2,ungrazed_2-209,28.9765,no,
29,7,2022,7/29/2022,210,ungrazed_2,ungrazed_2-210,32.22625,no,
30,7,2022,7/30/2022,211,ungrazed_2,ungrazed_2-211,29.6305,no,
31,7,2022,7/31/2022,212,ungrazed_2,ungrazed_2-212,32.25825,no,
1,8,2022,8/1/2022,213,ungrazed_2,ungrazed_2-213,34.59625,no,
2,8,2022,8/2/2022,214,ungrazed_2,ungrazed_2-214,28.39725,no,
3,8,2022,8/3/2022,215,ungrazed_2,ungrazed_2-215,28.73,no,
4,8,2022,8/4/2022,216,ungrazed_2,ungrazed_2-216,26.4775,no,
5,8,2022,8/5/2022,217,ungrazed_2,ungrazed_2-217,23.82825,no,
6,8,2022,8/6/2022,218,ungrazed_2,ungrazed_2-218,16.51375,no,
7,8,2022,8/7/2022,219,ungrazed_2,ungrazed_2-219,29.15875,no,
8,8,2022,8/8/2022,220,ungrazed_2,ungrazed_2-220,29.223,Y,27.6878125
9,8,2022,8/9/2022,221,ungrazed_2,ungrazed_2-221,30.55325,no,
10,8,2022,8/10/2022,222,ungrazed_2,ungrazed_2-222,31.29325,no,
11,8,2022,8/11/2022,223,ungrazed_2,ungrazed_2-223,34.17825,no,
12,8,2022,8/12/2022,224,ungrazed_2,ungrazed_2-224,33.996,no,
13,8,2022,8/13/2022,225,ungrazed_2,ungrazed_2-225,32.698,no,
14,8,2022,8/14/2022,226,ungrazed_2,ungrazed_2-226,30.596,no,
15,8,2022,8/15/2022,227,ungrazed_2,ungrazed_2-227,32.2365,no,
16,8,2022,8/16/2022,228,ungrazed_2,ungrazed_2-228,32.387,no,
17,8,2022,8/17/2022,229,ungrazed_2,ungrazed_2-229,29.09425,no,
18,8,2022,8/18/2022,230,ungrazed_2,ungrazed_2-230,28.56875,no,
19,8,2022,8/19/2022,231,ungrazed_2,ungrazed_2-231,30.28475,no,
20,8,2022,8/20/2022,232,ungrazed_2,ungrazed_2-232,29.97375,no,
21,8,2022,8/21/2022,233,ungrazed_2,ungrazed_2-233,31.5505,no,
22,8,2022,8/22/2022,234,ungrazed_2,ungrazed_2-234,30.25275,no,
23,8,2022,8/23/2022,235,ungrazed_2,ungrazed_2-235,20.09625,no,
24,8,2022,8/24/2022,236,ungrazed_2,ungrazed_2-236,22.198,no,
25,8,2022,8/25/2022,237,ungrazed_2,ungrazed_2-237,22.0695,no,
26,8,2022,8/26/2022,238,ungrazed_2,ungrazed_2-238,29.43775,no,
27,8,2022,8/27/2022,239,ungrazed_2,ungrazed_2-239,26.2415,no,
28,8,2022,8/28/2022,240,ungrazed_2,ungrazed_2-240,18.4445,no,
29,8,2022,8/29/2022,241,ungrazed_2,ungrazed_2-241,26.87425,no,
30,8,2022,8/30/2022,242,ungrazed_2,ungrazed_2-242,33.68475,no,
31,8,2022,8/31/2022,243,ungrazed_2,ungrazed_2-243,31.915,no,
1,9,2022,9/1/2022,244,ungrazed_2,ungrazed_2-244,25.60875,no,
2,9,2022,9/2/2022,245,ungrazed_2,ungrazed_2-245,29.695,no,
3,9,2022,9/3/2022,246,ungrazed_2,ungrazed_2-246,NA,Y,28.060475
9,6,2022,6/9/2022,160,ungrazed_3,ungrazed_3-160,NA,no,
10,6,2022,6/10/2022,161,ungrazed_3,ungrazed_3-161,NA,no,
11,6,2022,6/11/2022,162,ungrazed_3,ungrazed_3-162,NA,no,
12,6,2022,6/12/2022,163,ungrazed_3,ungrazed_3-163,NA,no,
13,6,2022,6/13/2022,164,ungrazed_3,ungrazed_3-164,NA,no,
14,6,2022,6/14/2022,165,ungrazed_3,ungrazed_3-165,NA,no,
15,6,2022,6/15/2022,166,ungrazed_3,ungrazed_3-166,NA,no,
16,6,2022,6/16/2022,167,ungrazed_3,ungrazed_3-167,NA,no,
17,6,2022,6/17/2022,168,ungrazed_3,ungrazed_3-168,NA,Y,
18,6,2022,6/18/2022,169,ungrazed_3,ungrazed_3-169,26.1985,no,
19,6,2022,6/19/2022,170,ungrazed_3,ungrazed_3-170,15.0875,no,
20,6,2022,6/20/2022,171,ungrazed_3,ungrazed_3-171,19.828,no,
21,6,2022,6/21/2022,172,ungrazed_3,ungrazed_3-172,18.734,no,
22,6,2022,6/22/2022,173,ungrazed_3,ungrazed_3-173,22.44475,no,
23,6,2022,6/23/2022,174,ungrazed_3,ungrazed_3-174,24.16075,no,
24,6,2022,6/24/2022,175,ungrazed_3,ungrazed_3-175,16.77125,no,
25,6,2022,6/25/2022,176,ungrazed_3,ungrazed_3-176,13.9185,no,
26,6,2022,6/26/2022,177,ungrazed_3,ungrazed_3-177,18.38025,no,
27,6,2022,6/27/2022,178,ungrazed_3,ungrazed_3-178,21.39375,no,
28,6,2022,6/28/2022,179,ungrazed_3,ungrazed_3-179,24.0965,no,
29,6,2022,6/29/2022,180,ungrazed_3,ungrazed_3-180,19.356,no,
30,6,2022,6/30/2022,181,ungrazed_3,ungrazed_3-181,18.63725,no,
1,7,2022,7/1/2022,182,ungrazed_3,ungrazed_3-182,21.60825,no,
2,7,2022,7/2/2022,183,ungrazed_3,ungrazed_3-183,26.08075,no,
3,7,2022,7/3/2022,184,ungrazed_3,ungrazed_3-184,21.576,no,
4,7,2022,7/4/2022,185,ungrazed_3,ungrazed_3-185,21.00775,no,
5,7,2022,7/5/2022,186,ungrazed_3,ungrazed_3-186,19.1415,no,
6,7,2022,7/6/2022,187,ungrazed_3,ungrazed_3-187,21.07225,no,
7,7,2022,7/7/2022,188,ungrazed_3,ungrazed_3-188,25.85525,no,
8,7,2022,7/8/2022,189,ungrazed_3,ungrazed_3-189,26.85275,no,
9,7,2022,7/9/2022,190,ungrazed_3,ungrazed_3-190,27.05675,no,
10,7,2022,7/10/2022,191,ungrazed_3,ungrazed_3-191,18.552,no,
11,7,2022,7/11/2022,192,ungrazed_3,ungrazed_3-192,21.265,Y,21.3348125
12,7,2022,7/12/2022,193,ungrazed_3,ungrazed_3-193,26.74575,no,
13,7,2022,7/13/2022,194,ungrazed_3,ungrazed_3-194,29.13725,no,
14,7,2022,7/14/2022,195,ungrazed_3,ungrazed_3-195,25.287,no,
15,7,2022,7/15/2022,196,ungrazed_3,ungrazed_3-196,27.18525,no,
16,7,2022,7/16/2022,197,ungrazed_3,ungrazed_3-197,26.0805,no,
17,7,2022,7/17/2022,198,ungrazed_3,ungrazed_3-198,33.94225,no,
18,7,2022,7/18/2022,199,ungrazed_3,ungrazed_3-199,22.391,no,
19,7,2022,7/19/2022,200,ungrazed_3,ungrazed_3-200,23.96775,no,
20,7,2022,7/20/2022,201,ungrazed_3,ungrazed_3-201,23.51725,no,
21,7,2022,7/21/2022,202,ungrazed_3,ungrazed_3-202,24.976,no,
22,7,2022,7/22/2022,203,ungrazed_3,ungrazed_3-203,25.74825,no,
23,7,2022,7/23/2022,204,ungrazed_3,ungrazed_3-204,20.4715,no,
24,7,2022,7/24/2022,205,ungrazed_3,ungrazed_3-205,26.027,no,
25,7,2022,7/25/2022,206,ungrazed_3,ungrazed_3-206,20.6,no,
26,7,2022,7/26/2022,207,ungrazed_3,ungrazed_3-207,20.20325,no,
27,7,2022,7/27/2022,208,ungrazed_3,ungrazed_3-208,19.8815,no,
28,7,2022,7/28/2022,209,ungrazed_3,ungrazed_3-209,23.21725,no,
29,7,2022,7/29/2022,210,ungrazed_3,ungrazed_3-210,31.411,no,
30,7,2022,7/30/2022,211,ungrazed_3,ungrazed_3-211,26.778,no,
31,7,2022,7/31/2022,212,ungrazed_3,ungrazed_3-212,29.1265,no,
1,8,2022,8/1/2022,213,ungrazed_3,ungrazed_3-213,32.35475,no,
2,8,2022,8/2/2022,214,ungrazed_3,ungrazed_3-214,23.8715,no,
3,8,2022,8/3/2022,215,ungrazed_3,ungrazed_3-215,25.38325,no,
4,8,2022,8/4/2022,216,ungrazed_3,ungrazed_3-216,28.333,no,
5,8,2022,8/5/2022,217,ungrazed_3,ungrazed_3-217,20.954,no,
6,8,2022,8/6/2022,218,ungrazed_3,ungrazed_3-218,19.0665,no,
7,8,2022,8/7/2022,219,ungrazed_3,ungrazed_3-219,24.04275,no,
8,8,2022,8/8/2022,220,ungrazed_3,ungrazed_3-220,28.10775,no,
9,8,2022,8/9/2022,221,ungrazed_3,ungrazed_3-221,25.91975,no,
10,8,2022,8/10/2022,222,ungrazed_3,ungrazed_3-222,29.07275,Y,24.823675
11,8,2022,8/11/2022,223,ungrazed_3,ungrazed_3-223,27.16375,no,
12,8,2022,8/12/2022,224,ungrazed_3,ungrazed_3-224,29.3625,no,
13,8,2022,8/13/2022,225,ungrazed_3,ungrazed_3-225,26.928,no,
14,8,2022,8/14/2022,226,ungrazed_3,ungrazed_3-226,25.39425,no,
15,8,2022,8/15/2022,227,ungrazed_3,ungrazed_3-227,25.255,no,
16,8,2022,8/16/2022,228,ungrazed_3,ungrazed_3-228,28.4725,no,
17,8,2022,8/17/2022,229,ungrazed_3,ungrazed_3-229,24.36475,no,
18,8,2022,8/18/2022,230,ungrazed_3,ungrazed_3-230,22.638,no,
19,8,2022,8/19/2022,231,ungrazed_3,ungrazed_3-231,25.9305,no,
20,8,2022,8/20/2022,232,ungrazed_3,ungrazed_3-232,23.80675,no,
21,8,2022,8/21/2022,233,ungrazed_3,ungrazed_3-233,27.12125,no,
22,8,2022,8/22/2022,234,ungrazed_3,ungrazed_3-234,28.912,no,
23,8,2022,8/23/2022,235,ungrazed_3,ungrazed_3-235,19.5275,no,
24,8,2022,8/24/2022,236,ungrazed_3,ungrazed_3-236,21.29725,no,
25,8,2022,8/25/2022,237,ungrazed_3,ungrazed_3-237,22.74525,no,
26,8,2022,8/26/2022,238,ungrazed_3,ungrazed_3-238,24.03225,no,
27,8,2022,8/27/2022,239,ungrazed_3,ungrazed_3-239,25.1795,no,
28,8,2022,8/28/2022,240,ungrazed_3,ungrazed_3-240,15.89175,no,
29,8,2022,8/29/2022,241,ungrazed_3,ungrazed_3-241,21.09325,no,
30,8,2022,8/30/2022,242,ungrazed_3,ungrazed_3-242,24.3325,no,
31,8,2022,8/31/2022,243,ungrazed_3,ungrazed_3-243,27.53925,no,
1,9,2022,9/1/2022,244,ungrazed_3,ungrazed_3-244,25.27625,no,
2,9,2022,9/2/2022,245,ungrazed_3,ungrazed_3-245,NA,Y,24.2868875
3,9,2022,9/3/2022,246,ungrazed_3,ungrazed_3-246,NA,no,
9,6,2022,6/9/2022,160,trtpd_1,trtpd_1-160,NA,no,
10,6,2022,6/10/2022,161,trtpd_1,trtpd_1-161,NA,no,
11,6,2022,6/11/2022,162,trtpd_1,trtpd_1-162,NA,no,
12,6,2022,6/12/2022,163,trtpd_1,trtpd_1-163,NA,no,
13,6,2022,6/13/2022,164,trtpd_1,trtpd_1-164,NA,no,
14,6,2022,6/14/2022,165,trtpd_1,trtpd_1-165,13.96125,no,
15,6,2022,6/15/2022,166,trtpd_1,trtpd_1-166,13.45725,no,
16,6,2022,6/16/2022,167,trtpd_1,trtpd_1-167,23.3995,Y,
17,6,2022,6/17/2022,168,trtpd_1,trtpd_1-168,27.91475,no,
18,6,2022,6/18/2022,169,trtpd_1,trtpd_1-169,26.72425,no,
19,6,2022,6/19/2022,170,trtpd_1,trtpd_1-170,15.48425,no,
20,6,2022,6/20/2022,171,trtpd_1,trtpd_1-171,19.53825,no,
21,6,2022,6/21/2022,172,trtpd_1,trtpd_1-172,17.329,no,
22,6,2022,6/22/2022,173,trtpd_1,trtpd_1-173,23.46375,no,
23,6,2022,6/23/2022,174,trtpd_1,trtpd_1-174,23.10975,no,
24,6,2022,6/24/2022,175,trtpd_1,trtpd_1-175,15.924,no,
25,6,2022,6/25/2022,176,trtpd_1,trtpd_1-176,15.31275,no,
26,6,2022,6/26/2022,177,trtpd_1,trtpd_1-177,20.7825,no,
27,6,2022,6/27/2022,178,trtpd_1,trtpd_1-178,22.1445,no,
28,6,2022,6/28/2022,179,trtpd_1,trtpd_1-179,24.6005,no,
29,6,2022,6/29/2022,180,trtpd_1,trtpd_1-180,23.10975,no,
30,6,2022,6/30/2022,181,trtpd_1,trtpd_1-181,18.64825,no,
1,7,2022,7/1/2022,182,trtpd_1,trtpd_1-182,24.05375,no,
2,7,2022,7/2/2022,183,trtpd_1,trtpd_1-183,26.263,no,
3,7,2022,7/3/2022,184,trtpd_1,trtpd_1-184,17.3075,no,
4,7,2022,7/4/2022,185,trtpd_1,trtpd_1-185,23.62475,no,
5,7,2022,7/5/2022,186,trtpd_1,trtpd_1-186,19.12025,no,
6,7,2022,7/6/2022,187,trtpd_1,trtpd_1-187,23.614,Y,21.39275
7,7,2022,7/7/2022,188,trtpd_1,trtpd_1-188,23.95725,no,
8,7,2022,7/8/2022,189,trtpd_1,trtpd_1-189,27.32475,no,
9,7,2022,7/9/2022,190,trtpd_1,trtpd_1-190,24.63275,no,
10,7,2022,7/10/2022,191,trtpd_1,trtpd_1-191,20.0855,no,
11,7,2022,7/11/2022,192,trtpd_1,trtpd_1-192,23.22775,no,
12,7,2022,7/12/2022,193,trtpd_1,trtpd_1-193,27.76475,no,
13,7,2022,7/13/2022,194,trtpd_1,trtpd_1-194,29.15875,no,
14,7,2022,7/14/2022,195,trtpd_1,trtpd_1-195,27.207,no,
15,7,2022,7/15/2022,196,trtpd_1,trtpd_1-196,26.41325,no,
16,7,2022,7/16/2022,197,trtpd_1,trtpd_1-197,28.4615,no,
17,7,2022,7/17/2022,198,trtpd_1,trtpd_1-198,31.52875,no,
18,7,2022,7/18/2022,199,trtpd_1,trtpd_1-199,22.43425,no,
19,7,2022,7/19/2022,200,trtpd_1,trtpd_1-200,23.45275,no,
20,7,2022,7/20/2022,201,trtpd_1,trtpd_1-201,24.40725,no,
21,7,2022,7/21/2022,202,trtpd_1,trtpd_1-202,24.9545,no,
22,7,2022,7/22/2022,203,trtpd_1,trtpd_1-203,27.06725,no,
23,7,2022,7/23/2022,204,trtpd_1,trtpd_1-204,23.657,no,
24,7,2022,7/24/2022,205,trtpd_1,trtpd_1-205,25.9735,no,
25,7,2022,7/25/2022,206,trtpd_1,trtpd_1-206,25.01875,no,
26,7,2022,7/26/2022,207,trtpd_1,trtpd_1-207,23.1635,no,
27,7,2022,7/27/2022,208,trtpd_1,trtpd_1-208,21.8655,no,
28,7,2022,7/28/2022,209,trtpd_1,trtpd_1-209,25.64075,no,
29,7,2022,7/29/2022,210,trtpd_1,trtpd_1-210,31.9045,no,
30,7,2022,7/30/2022,211,trtpd_1,trtpd_1-211,27.15325,no,
31,7,2022,7/31/2022,212,trtpd_1,trtpd_1-212,29.0625,no,
1,8,2022,8/1/2022,213,trtpd_1,trtpd_1-213,30.6925,no,
2,8,2022,8/2/2022,214,trtpd_1,trtpd_1-214,25.68375,no,
3,8,2022,8/3/2022,215,trtpd_1,trtpd_1-215,26.0055,no,
4,8,2022,8/4/2022,216,trtpd_1,trtpd_1-216,29.51275,no,
5,8,2022,8/5/2022,217,trtpd_1,trtpd_1-217,22.98125,no,
6,8,2022,8/6/2022,218,trtpd_1,trtpd_1-218,17.06075,no,
7,8,2022,8/7/2022,219,trtpd_1,trtpd_1-219,23.58175,no,
8,8,2022,8/8/2022,220,trtpd_1,trtpd_1-220,28.57975,no,
9,8,2022,8/9/2022,221,trtpd_1,trtpd_1-221,26.85275,Y,25.6983125
10,8,2022,8/10/2022,222,trtpd_1,trtpd_1-222,29.738,no,
11,8,2022,8/11/2022,223,trtpd_1,trtpd_1-223,27.8075,no,
12,8,2022,8/12/2022,224,trtpd_1,trtpd_1-224,31.722,no,
13,8,2022,8/13/2022,225,trtpd_1,trtpd_1-225,30.83175,no,
14,8,2022,8/14/2022,226,trtpd_1,trtpd_1-226,26.75625,no,
15,8,2022,8/15/2022,227,trtpd_1,trtpd_1-227,26.24175,no,
16,8,2022,8/16/2022,228,trtpd_1,trtpd_1-228,29.4055,no,
17,8,2022,8/17/2022,229,trtpd_1,trtpd_1-229,26.17725,no,
18,8,2022,8/18/2022,230,trtpd_1,trtpd_1-230,24.87925,no,
19,8,2022,8/19/2022,231,trtpd_1,trtpd_1-231,26.8315,no,
20,8,2022,8/20/2022,232,trtpd_1,trtpd_1-232,26.0165,no,
21,8,2022,8/21/2022,233,trtpd_1,trtpd_1-233,27.34625,no,
22,8,2022,8/22/2022,234,trtpd_1,trtpd_1-234,28.408,no,
23,8,2022,8/23/2022,235,trtpd_1,trtpd_1-235,19.75275,no,
24,8,2022,8/24/2022,236,trtpd_1,trtpd_1-236,21.07225,no,
25,8,2022,8/25/2022,237,trtpd_1,trtpd_1-237,20.525,no,
26,8,2022,8/26/2022,238,trtpd_1,trtpd_1-238,26.5205,no,
27,8,2022,8/27/2022,239,trtpd_1,trtpd_1-239,25.7695,no,
28,8,2022,8/28/2022,240,trtpd_1,trtpd_1-240,17.17875,no,
29,8,2022,8/29/2022,241,trtpd_1,trtpd_1-241,22.638,no,
30,8,2022,8/30/2022,242,trtpd_1,trtpd_1-242,27.94675,no,
31,8,2022,8/31/2022,243,trtpd_1,trtpd_1-243,28.751,no,
1,9,2022,9/1/2022,244,trtpd_1,trtpd_1-244,26.82075,no,
2,9,2022,9/2/2022,245,trtpd_1,trtpd_1-245,25.53375,no,
3,9,2022,9/3/2022,246,trtpd_1,trtpd_1-246,NA,Y,25.2285625
9,6,2022,6/9/2022,160,trtpd_2,trtpd_2-160,22.30525,Y,
10,6,2022,6/10/2022,161,trtpd_2,trtpd_2-161,20.9865,no,
11,6,2022,6/11/2022,162,trtpd_2,trtpd_2-162,21.23275,no,
12,6,2022,6/12/2022,163,trtpd_2,trtpd_2-163,22.992,no,
13,6,2022,6/13/2022,164,trtpd_2,trtpd_2-164,15.806,no,
14,6,2022,6/14/2022,165,trtpd_2,trtpd_2-165,12.438,no,
15,6,2022,6/15/2022,166,trtpd_2,trtpd_2-166,13.86475,no,
16,6,2022,6/16/2022,167,trtpd_2,trtpd_2-167,26.71325,no,
17,6,2022,6/17/2022,168,trtpd_2,trtpd_2-168,32.47275,no,
18,6,2022,6/18/2022,169,trtpd_2,trtpd_2-169,26.23075,no,
19,6,2022,6/19/2022,170,trtpd_2,trtpd_2-170,15.409,no,
20,6,2022,6/20/2022,171,trtpd_2,trtpd_2-171,19.85975,no,
21,6,2022,6/21/2022,172,trtpd_2,trtpd_2-172,19.69925,no,
22,6,2022,6/22/2022,173,trtpd_2,trtpd_2-173,25.5125,no,
23,6,2022,6/23/2022,174,trtpd_2,trtpd_2-174,23.23875,no,
24,6,2022,6/24/2022,175,trtpd_2,trtpd_2-175,14.92625,no,
25,6,2022,6/25/2022,176,trtpd_2,trtpd_2-176,16.20275,no,
26,6,2022,6/26/2022,177,trtpd_2,trtpd_2-177,23.14175,no,
27,6,2022,6/27/2022,178,trtpd_2,trtpd_2-178,25.54425,no,
28,6,2022,6/28/2022,179,trtpd_2,trtpd_2-179,25.8125,no,
29,6,2022,6/29/2022,180,trtpd_2,trtpd_2-180,20.94325,no,
30,6,2022,6/30/2022,181,trtpd_2,trtpd_2-181,19.088,no,
1,7,2022,7/1/2022,182,trtpd_2,trtpd_2-182,24.51475,no,
2,7,2022,7/2/2022,183,trtpd_2,trtpd_2-183,29.06225,no,
3,7,2022,7/3/2022,184,trtpd_2,trtpd_2-184,19.7525,no,
4,7,2022,7/4/2022,185,trtpd_2,trtpd_2-185,24.2145,Y,21.72135
5,7,2022,7/5/2022,186,trtpd_2,trtpd_2-186,22.40175,no,
6,7,2022,7/6/2022,187,trtpd_2,trtpd_2-187,25.1155,no,
7,7,2022,7/7/2022,188,trtpd_2,trtpd_2-188,25.169,no,
8,7,2022,7/8/2022,189,trtpd_2,trtpd_2-189,27.56075,no,
9,7,2022,7/9/2022,190,trtpd_2,trtpd_2-190,25.72675,no,
10,7,2022,7/10/2022,191,trtpd_2,trtpd_2-191,21.984,no,
11,7,2022,7/11/2022,192,trtpd_2,trtpd_2-192,24.2145,no,
12,7,2022,7/12/2022,193,trtpd_2,trtpd_2-193,30.66025,no,
13,7,2022,7/13/2022,194,trtpd_2,trtpd_2-194,28.258,no,
14,7,2022,7/14/2022,195,trtpd_2,trtpd_2-195,31.25025,no,
15,7,2022,7/15/2022,196,trtpd_2,trtpd_2-196,26.349,no,
16,7,2022,7/16/2022,197,trtpd_2,trtpd_2-197,29.78075,no,
17,7,2022,7/17/2022,198,trtpd_2,trtpd_2-198,31.529,no,
18,7,2022,7/18/2022,199,trtpd_2,trtpd_2-199,23.6675,no,
19,7,2022,7/19/2022,200,trtpd_2,trtpd_2-200,25.88775,no,
20,7,2022,7/20/2022,201,trtpd_2,trtpd_2-201,26.2845,no,
21,7,2022,7/21/2022,202,trtpd_2,trtpd_2-202,26.3595,no,
22,7,2022,7/22/2022,203,trtpd_2,trtpd_2-203,27.00325,no,
23,7,2022,7/23/2022,204,trtpd_2,trtpd_2-204,26.7565,no,
24,7,2022,7/24/2022,205,trtpd_2,trtpd_2-205,27.947,no,
25,7,2022,7/25/2022,206,trtpd_2,trtpd_2-206,24.686,no,
26,7,2022,7/26/2022,207,trtpd_2,trtpd_2-207,24.8475,no,
27,7,2022,7/27/2022,208,trtpd_2,trtpd_2-208,23.528,no,
28,7,2022,7/28/2022,209,trtpd_2,trtpd_2-209,26.574,no,
29,7,2022,7/29/2022,210,trtpd_2,trtpd_2-210,31.70075,no,
30,7,2022,7/30/2022,211,trtpd_2,trtpd_2-211,27.89325,no,
31,7,2022,7/31/2022,212,trtpd_2,trtpd_2-212,30.2955,no,
1,8,2022,8/1/2022,213,trtpd_2,trtpd_2-213,33.513,no,
2,8,2022,8/2/2022,214,trtpd_2,trtpd_2-214,26.70275,Y,27.70555
3,8,2022,8/3/2022,215,trtpd_2,trtpd_2-215,26.853,no,
4,8,2022,8/4/2022,216,trtpd_2,trtpd_2-216,26.74575,no,
5,8,2022,8/5/2022,217,trtpd_2,trtpd_2-217,22.93825,no,
6,8,2022,8/6/2022,218,trtpd_2,trtpd_2-218,17.61875,no,
7,8,2022,8/7/2022,219,trtpd_2,trtpd_2-219,24.901,no,
8,8,2022,8/8/2022,220,trtpd_2,trtpd_2-220,29.309,no,
9,8,2022,8/9/2022,221,trtpd_2,trtpd_2-221,29.7055,no,
10,8,2022,8/10/2022,222,trtpd_2,trtpd_2-222,30.27425,no,
11,8,2022,8/11/2022,223,trtpd_2,trtpd_2-223,29.34125,no,
12,8,2022,8/12/2022,224,trtpd_2,trtpd_2-224,32.07575,no,
13,8,2022,8/13/2022,225,trtpd_2,trtpd_2-225,30.864,no,
14,8,2022,8/14/2022,226,trtpd_2,trtpd_2-226,28.0005,no,
15,8,2022,8/15/2022,227,trtpd_2,trtpd_2-227,27.282,no,
16,8,2022,8/16/2022,228,trtpd_2,trtpd_2-228,31.186,no,
17,8,2022,8/17/2022,229,trtpd_2,trtpd_2-229,26.0915,no,
18,8,2022,8/18/2022,230,trtpd_2,trtpd_2-230,26.4345,no,
19,8,2022,8/19/2022,231,trtpd_2,trtpd_2-231,27.7755,no,
20,8,2022,8/20/2022,232,trtpd_2,trtpd_2-232,29.0195,no,
21,8,2022,8/21/2022,233,trtpd_2,trtpd_2-233,28.04325,no,
22,8,2022,8/22/2022,234,trtpd_2,trtpd_2-234,29.30875,no,
23,8,2022,8/23/2022,235,trtpd_2,trtpd_2-235,19.356,no,
24,8,2022,8/24/2022,236,trtpd_2,trtpd_2-236,22.91675,no,
25,8,2022,8/25/2022,237,trtpd_2,trtpd_2-237,21.81225,no,
26,8,2022,8/26/2022,238,trtpd_2,trtpd_2-238,26.22025,no,
27,8,2022,8/27/2022,239,trtpd_2,trtpd_2-239,27.0675,no,
28,8,2022,8/28/2022,240,trtpd_2,trtpd_2-240,18.852,no,
29,8,2022,8/29/2022,241,trtpd_2,trtpd_2-241,23.00275,no,
30,8,2022,8/30/2022,242,trtpd_2,trtpd_2-242,28.90125,no,
31,8,2022,8/31/2022,243,trtpd_2,trtpd_2-243,30.285,no,
1,9,2022,9/1/2022,244,trtpd_2,trtpd_2-244,26.2845,no,
2,9,2022,9/2/2022,245,trtpd_2,trtpd_2-245,26.83125,no,
3,9,2022,9/3/2022,246,trtpd_2,trtpd_2-246,NA,Y,26.23355
9,6,2022,6/9/2022,160,trtpd_3,trtpd_3-160,NA,no,
10,6,2022,6/10/2022,161,trtpd_3,trtpd_3-161,NA,no,
11,6,2022,6/11/2022,162,trtpd_3,trtpd_3-162,NA,no,
12,6,2022,6/12/2022,163,trtpd_3,trtpd_3-163,NA,no,
13,6,2022,6/13/2022,164,trtpd_3,trtpd_3-164,NA,no,
14,6,2022,6/14/2022,165,trtpd_3,trtpd_3-165,NA,no,
15,6,2022,6/15/2022,166,trtpd_3,trtpd_3-166,NA,no,
16,6,2022,6/16/2022,167,trtpd_3,trtpd_3-167,NA,Y,
17,6,2022,6/17/2022,168,trtpd_3,trtpd_3-168,27.70025,no,
18,6,2022,6/18/2022,169,trtpd_3,trtpd_3-169,26.263,no,
19,6,2022,6/19/2022,170,trtpd_3,trtpd_3-170,15.8275,no,
20,6,2022,6/20/2022,171,trtpd_3,trtpd_3-171,19.238,no,
21,6,2022,6/21/2022,172,trtpd_3,trtpd_3-172,17.0825,no,
22,6,2022,6/22/2022,173,trtpd_3,trtpd_3-173,22.5415,no,
23,6,2022,6/23/2022,174,trtpd_3,trtpd_3-174,23.95725,no,
24,6,2022,6/24/2022,175,trtpd_3,trtpd_3-175,16.58875,no,
25,6,2022,6/25/2022,176,trtpd_3,trtpd_3-176,15.22675,no,
26,6,2022,6/26/2022,177,trtpd_3,trtpd_3-177,18.852,no,
27,6,2022,6/27/2022,178,trtpd_3,trtpd_3-178,22.0155,no,
28,6,2022,6/28/2022,179,trtpd_3,trtpd_3-179,25.10475,no,
29,6,2022,6/29/2022,180,trtpd_3,trtpd_3-180,23.00225,no,
30,6,2022,6/30/2022,181,trtpd_3,trtpd_3-181,18.68025,no,
1,7,2022,7/1/2022,182,trtpd_3,trtpd_3-182,24.91175,no,
2,7,2022,7/2/2022,183,trtpd_3,trtpd_3-183,26.47725,no,
3,7,2022,7/3/2022,184,trtpd_3,trtpd_3-184,18.21925,no,
4,7,2022,7/4/2022,185,trtpd_3,trtpd_3-185,23.54975,no,
5,7,2022,7/5/2022,186,trtpd_3,trtpd_3-186,17.30775,no,
6,7,2022,7/6/2022,187,trtpd_3,trtpd_3-187,23.882,no,
7,7,2022,7/7/2022,188,trtpd_3,trtpd_3-188,24.63275,Y,21.3214
8,7,2022,7/8/2022,189,trtpd_3,trtpd_3-189,26.1555,no,
9,7,2022,7/9/2022,190,trtpd_3,trtpd_3-190,24.3325,no,
10,7,2022,7/10/2022,191,trtpd_3,trtpd_3-191,21.362,no,
11,7,2022,7/11/2022,192,trtpd_3,trtpd_3-192,23.30275,no,
12,7,2022,7/12/2022,193,trtpd_3,trtpd_3-193,26.02675,no,
13,7,2022,7/13/2022,194,trtpd_3,trtpd_3-194,27.30325,no,
14,7,2022,7/14/2022,195,trtpd_3,trtpd_3-195,26.22,no,
15,7,2022,7/15/2022,196,trtpd_3,trtpd_3-196,23.72125,no,
16,7,2022,7/16/2022,197,trtpd_3,trtpd_3-197,25.82325,no,
17,7,2022,7/17/2022,198,trtpd_3,trtpd_3-198,27.014,no,
18,7,2022,7/18/2022,199,trtpd_3,trtpd_3-199,22.70225,no,
19,7,2022,7/19/2022,200,trtpd_3,trtpd_3-200,23.464,no,
20,7,2022,7/20/2022,201,trtpd_3,trtpd_3-201,23.82825,no,
21,7,2022,7/21/2022,202,trtpd_3,trtpd_3-202,24.783,no,
22,7,2022,7/22/2022,203,trtpd_3,trtpd_3-203,26.853,no,
23,7,2022,7/23/2022,204,trtpd_3,trtpd_3-204,23.03475,no,
24,7,2022,7/24/2022,205,trtpd_3,trtpd_3-205,25.212,no,
25,7,2022,7/25/2022,206,trtpd_3,trtpd_3-206,22.3805,no,
26,7,2022,7/26/2022,207,trtpd_3,trtpd_3-207,22.756,no,
27,7,2022,7/27/2022,208,trtpd_3,trtpd_3-208,20.10675,no,
28,7,2022,7/28/2022,209,trtpd_3,trtpd_3-209,24.41825,no,
29,7,2022,7/29/2022,210,trtpd_3,trtpd_3-210,30.789,no,
30,7,2022,7/30/2022,211,trtpd_3,trtpd_3-211,26.20925,no,
31,7,2022,7/31/2022,212,trtpd_3,trtpd_3-212,28.011,no,
1,8,2022,8/1/2022,213,trtpd_3,trtpd_3-213,29.384,no,
2,8,2022,8/2/2022,214,trtpd_3,trtpd_3-214,25.952,no,
3,8,2022,8/3/2022,215,trtpd_3,trtpd_3-215,23.6355,no,
4,8,2022,8/4/2022,216,trtpd_3,trtpd_3-216,26.60625,Y,25.0039
5,8,2022,8/5/2022,217,trtpd_3,trtpd_3-217,22.1125,no,
6,8,2022,8/6/2022,218,trtpd_3,trtpd_3-218,16.34225,no,
7,8,2022,8/7/2022,219,trtpd_3,trtpd_3-219,21.6405,no,
8,8,2022,8/8/2022,220,trtpd_3,trtpd_3-220,25.91975,no,
9,8,2022,8/9/2022,221,trtpd_3,trtpd_3-221,24.654,no,
10,8,2022,8/10/2022,222,trtpd_3,trtpd_3-222,30.18825,no,
11,8,2022,8/11/2022,223,trtpd_3,trtpd_3-223,26.724,no,
12,8,2022,8/12/2022,224,trtpd_3,trtpd_3-224,31.41075,no,
13,8,2022,8/13/2022,225,trtpd_3,trtpd_3-225,28.18275,no,
14,8,2022,8/14/2022,226,trtpd_3,trtpd_3-226,26.1235,no,
15,8,2022,8/15/2022,227,trtpd_3,trtpd_3-227,26.252,no,
16,8,2022,8/16/2022,228,trtpd_3,trtpd_3-228,25.8125,no,
17,8,2022,8/17/2022,229,trtpd_3,trtpd_3-229,26.381,no,
18,8,2022,8/18/2022,230,trtpd_3,trtpd_3-230,26.649,no,
19,8,2022,8/19/2022,231,trtpd_3,trtpd_3-231,26.86375,no,
20,8,2022,8/20/2022,232,trtpd_3,trtpd_3-232,25.3835,no,
21,8,2022,8/21/2022,233,trtpd_3,trtpd_3-233,27.786,no,
22,8,2022,8/22/2022,234,trtpd_3,trtpd_3-234,27.85025,no,
23,8,2022,8/23/2022,235,trtpd_3,trtpd_3-235,20.064,no,
24,8,2022,8/24/2022,236,trtpd_3,trtpd_3-236,22.327,no,
25,8,2022,8/25/2022,237,trtpd_3,trtpd_3-237,19.43125,no,
26,8,2022,8/26/2022,238,trtpd_3,trtpd_3-238,24.279,no,
27,8,2022,8/27/2022,239,trtpd_3,trtpd_3-239,25.1475,no,
28,8,2022,8/28/2022,240,trtpd_3,trtpd_3-240,17.4255,no,
29,8,2022,8/29/2022,241,trtpd_3,trtpd_3-241,20.922,no,
30,8,2022,8/30/2022,242,trtpd_3,trtpd_3-242,24.83675,no,
31,8,2022,8/31/2022,243,trtpd_3,trtpd_3-243,24.933,no,
1,9,2022,9/1/2022,244,trtpd_3,trtpd_3-244,25.523,no,
2,9,2022,9/2/2022,245,trtpd_3,trtpd_3-245,26.4665,no,
3,9,2022,9/3/2022,246,trtpd_3,trtpd_3-246,30.7355,no,24.75345
9,6,2022,6/9/2022,160,untrtpd_1,untrtpd_1-160,NA,no,
10,6,2022,6/10/2022,161,untrtpd_1,untrtpd_1-161,NA,Y,
11,6,2022,6/11/2022,162,untrtpd_1,untrtpd_1-162,20.289,no,
12,6,2022,6/12/2022,163,untrtpd_1,untrtpd_1-163,21.394,no,
13,6,2022,6/13/2022,164,untrtpd_1,untrtpd_1-164,16.8575,no,
14,6,2022,6/14/2022,165,untrtpd_1,untrtpd_1-165,12.67425,no,
15,6,2022,6/15/2022,166,untrtpd_1,untrtpd_1-166,12.95325,no,
16,6,2022,6/16/2022,167,untrtpd_1,untrtpd_1-167,21.5225,no,
17,6,2022,6/17/2022,168,untrtpd_1,untrtpd_1-168,29.266,no,
18,6,2022,6/18/2022,169,untrtpd_1,untrtpd_1-169,27.27125,no,
19,6,2022,6/19/2022,170,untrtpd_1,untrtpd_1-170,15.15175,no,
20,6,2022,6/20/2022,171,untrtpd_1,untrtpd_1-171,19.978,no,
21,6,2022,6/21/2022,172,untrtpd_1,untrtpd_1-172,22.42325,no,
22,6,2022,6/22/2022,173,untrtpd_1,untrtpd_1-173,23.539,no,
23,6,2022,6/23/2022,174,untrtpd_1,untrtpd_1-174,30.2205,no,
24,6,2022,6/24/2022,175,untrtpd_1,untrtpd_1-175,19.31325,no,
25,6,2022,6/25/2022,176,untrtpd_1,untrtpd_1-176,17.76875,no,
26,6,2022,6/26/2022,177,untrtpd_1,untrtpd_1-177,23.0885,no,
27,6,2022,6/27/2022,178,untrtpd_1,untrtpd_1-178,27.77525,no,
28,6,2022,6/28/2022,179,untrtpd_1,untrtpd_1-179,27.41075,no,
29,6,2022,6/29/2022,180,untrtpd_1,untrtpd_1-180,22.5845,no,
30,6,2022,6/30/2022,181,untrtpd_1,untrtpd_1-181,19.313,no,
1,7,2022,7/1/2022,182,untrtpd_1,untrtpd_1-182,23.63525,no,
2,7,2022,7/2/2022,183,untrtpd_1,untrtpd_1-183,27.164,no,
3,7,2022,7/3/2022,184,untrtpd_1,untrtpd_1-184,19.474,no,
4,7,2022,7/4/2022,185,untrtpd_1,untrtpd_1-185,23.6785,no,
5,7,2022,7/5/2022,186,untrtpd_1,untrtpd_1-186,22.30525,no,
6,7,2022,7/6/2022,187,untrtpd_1,untrtpd_1-187,22.48775,no,
7,7,2022,7/7/2022,188,untrtpd_1,untrtpd_1-188,24.7295,no,
8,7,2022,7/8/2022,189,untrtpd_1,untrtpd_1-189,28.16125,Y,22.9656
9,7,2022,7/9/2022,190,untrtpd_1,untrtpd_1-190,28.41875,no,
10,7,2022,7/10/2022,191,untrtpd_1,untrtpd_1-191,19.17375,no,
11,7,2022,7/11/2022,192,untrtpd_1,untrtpd_1-192,25.5015,no,
12,7,2022,7/12/2022,193,untrtpd_1,untrtpd_1-193,29.08375,no,
13,7,2022,7/13/2022,194,untrtpd_1,untrtpd_1-194,28.67625,no,
14,7,2022,7/14/2022,195,untrtpd_1,untrtpd_1-195,27.893,no,
15,7,2022,7/15/2022,196,untrtpd_1,untrtpd_1-196,28.2685,no,
16,7,2022,7/16/2022,197,untrtpd_1,untrtpd_1-197,30.049,no,
17,7,2022,7/17/2022,198,untrtpd_1,untrtpd_1-198,34.09225,no,
18,7,2022,7/18/2022,199,untrtpd_1,untrtpd_1-199,25.38375,no,
19,7,2022,7/19/2022,200,untrtpd_1,untrtpd_1-200,27.432,no,
20,7,2022,7/20/2022,201,untrtpd_1,untrtpd_1-201,25.834,no,
21,7,2022,7/21/2022,202,untrtpd_1,untrtpd_1-202,25.6945,no,
22,7,2022,7/22/2022,203,untrtpd_1,untrtpd_1-203,26.71325,no,
23,7,2022,7/23/2022,204,untrtpd_1,untrtpd_1-204,23.69975,no,
24,7,2022,7/24/2022,205,untrtpd_1,untrtpd_1-205,26.735,no,
25,7,2022,7/25/2022,206,untrtpd_1,untrtpd_1-206,22.1875,no,
26,7,2022,7/26/2022,207,untrtpd_1,untrtpd_1-207,20.9325,no,
27,7,2022,7/27/2022,208,untrtpd_1,untrtpd_1-208,21.94075,no,
28,7,2022,7/28/2022,209,untrtpd_1,untrtpd_1-209,24.6755,no,
29,7,2022,7/29/2022,210,untrtpd_1,untrtpd_1-210,30.43525,no,
30,7,2022,7/30/2022,211,untrtpd_1,untrtpd_1-211,25.84475,no,
31,7,2022,7/31/2022,212,untrtpd_1,untrtpd_1-212,28.612,no,
1,8,2022,8/1/2022,213,untrtpd_1,untrtpd_1-213,30.81025,no,
2,8,2022,8/2/2022,214,untrtpd_1,untrtpd_1-214,21.7585,Y,26.7954875
3,8,2022,8/3/2022,215,untrtpd_1,untrtpd_1-215,27.314,no,
4,8,2022,8/4/2022,216,untrtpd_1,untrtpd_1-216,26.37025,no,
5,8,2022,8/5/2022,217,untrtpd_1,untrtpd_1-217,23.28125,no,
6,8,2022,8/6/2022,218,untrtpd_1,untrtpd_1-218,15.656,no,
7,8,2022,8/7/2022,219,untrtpd_1,untrtpd_1-219,25.98425,no,
8,8,2022,8/8/2022,220,untrtpd_1,untrtpd_1-220,29.36225,no,
9,8,2022,8/9/2022,221,untrtpd_1,untrtpd_1-221,25.98425,no,
10,8,2022,8/10/2022,222,untrtpd_1,untrtpd_1-222,27.78575,no,
11,8,2022,8/11/2022,223,untrtpd_1,untrtpd_1-223,30.63875,no,
12,8,2022,8/12/2022,224,untrtpd_1,untrtpd_1-224,28.9335,no,
13,8,2022,8/13/2022,225,untrtpd_1,untrtpd_1-225,29.45925,no,
14,8,2022,8/14/2022,226,untrtpd_1,untrtpd_1-226,25.74825,no,
15,8,2022,8/15/2022,227,untrtpd_1,untrtpd_1-227,26.381,no,
16,8,2022,8/16/2022,228,untrtpd_1,untrtpd_1-228,27.968,no,
17,8,2022,8/17/2022,229,untrtpd_1,untrtpd_1-229,25.2225,no,
18,8,2022,8/18/2022,230,untrtpd_1,untrtpd_1-230,23.07775,no,
19,8,2022,8/19/2022,231,untrtpd_1,untrtpd_1-231,25.53375,no,
20,8,2022,8/20/2022,232,untrtpd_1,untrtpd_1-232,25.34075,no,
21,8,2022,8/21/2022,233,untrtpd_1,untrtpd_1-233,25.59825,no,
22,8,2022,8/22/2022,234,untrtpd_1,untrtpd_1-234,28.054,no,
23,8,2022,8/23/2022,235,untrtpd_1,untrtpd_1-235,18.59475,no,
24,8,2022,8/24/2022,236,untrtpd_1,untrtpd_1-236,21.20075,no,
25,8,2022,8/25/2022,237,untrtpd_1,untrtpd_1-237,21.0935,no,
26,8,2022,8/26/2022,238,untrtpd_1,untrtpd_1-238,24.2465,no,
27,8,2022,8/27/2022,239,untrtpd_1,untrtpd_1-239,26.177,no,
28,8,2022,8/28/2022,240,untrtpd_1,untrtpd_1-240,18.4015,no,
29,8,2022,8/29/2022,241,untrtpd_1,untrtpd_1-241,22.016,no,
30,8,2022,8/30/2022,242,untrtpd_1,untrtpd_1-242,26.13425,no,
31,8,2022,8/31/2022,243,untrtpd_1,untrtpd_1-243,27.66825,no,
1,9,2022,9/1/2022,244,untrtpd_1,untrtpd_1-244,23.36725,no,
2,9,2022,9/2/2022,245,untrtpd_1,untrtpd_1-245,NA,Y,24.5641625
3,9,2022,9/3/2022,246,untrtpd_1,untrtpd_1-246,NA,no,
9,6,2022,6/9/2022,160,untrtpd_2,untrtpd_2-160,NA,no,
10,6,2022,6/10/2022,161,untrtpd_2,untrtpd_2-161,NA,no,
11,6,2022,6/11/2022,162,untrtpd_2,untrtpd_2-162,NA,no,
12,6,2022,6/12/2022,163,untrtpd_2,untrtpd_2-163,NA,no,
13,6,2022,6/13/2022,164,untrtpd_2,untrtpd_2-164,NA,no,
14,6,2022,6/14/2022,165,untrtpd_2,untrtpd_2-165,NA,Y,
15,6,2022,6/15/2022,166,untrtpd_2,untrtpd_2-166,12.878,no,
16,6,2022,6/16/2022,167,untrtpd_2,untrtpd_2-167,21.2435,no,
17,6,2022,6/17/2022,168,untrtpd_2,untrtpd_2-168,28.451,no,
18,6,2022,6/18/2022,169,untrtpd_2,untrtpd_2-169,25.952,no,
19,6,2022,6/19/2022,170,untrtpd_2,untrtpd_2-170,15.0015,no,
20,6,2022,6/20/2022,171,untrtpd_2,untrtpd_2-171,17.59725,no,
21,6,2022,6/21/2022,172,untrtpd_2,untrtpd_2-172,19.76325,no,
22,6,2022,6/22/2022,173,untrtpd_2,untrtpd_2-173,23.44225,no,
23,6,2022,6/23/2022,174,untrtpd_2,untrtpd_2-174,22.15525,no,
24,6,2022,6/24/2022,175,untrtpd_2,untrtpd_2-175,16.16,no,
25,6,2022,6/25/2022,176,untrtpd_2,untrtpd_2-176,16.66375,no,
26,6,2022,6/26/2022,177,untrtpd_2,untrtpd_2-177,20.98625,no,
27,6,2022,6/27/2022,178,untrtpd_2,untrtpd_2-178,24.39675,no,
28,6,2022,6/28/2022,179,untrtpd_2,untrtpd_2-179,27.314,no,
29,6,2022,6/29/2022,180,untrtpd_2,untrtpd_2-180,22.77725,no,
30,6,2022,6/30/2022,181,untrtpd_2,untrtpd_2-181,21.42625,no,
1,7,2022,7/1/2022,182,untrtpd_2,untrtpd_2-182,26.22,no,
2,7,2022,7/2/2022,183,untrtpd_2,untrtpd_2-183,29.427,no,
3,7,2022,7/3/2022,184,untrtpd_2,untrtpd_2-184,18.33725,no,
4,7,2022,7/4/2022,185,untrtpd_2,untrtpd_2-185,23.882,no,
5,7,2022,7/5/2022,186,untrtpd_2,untrtpd_2-186,21.39375,no,
6,7,2022,7/6/2022,187,untrtpd_2,untrtpd_2-187,24.21475,Y,22.1295125
7,7,2022,7/7/2022,188,untrtpd_2,untrtpd_2-188,23.73175,no,
8,7,2022,7/8/2022,189,untrtpd_2,untrtpd_2-189,25.952,no,
9,7,2022,7/9/2022,190,untrtpd_2,untrtpd_2-190,24.654,no,
10,7,2022,7/10/2022,191,untrtpd_2,untrtpd_2-191,20.57875,no,
11,7,2022,7/11/2022,192,untrtpd_2,untrtpd_2-192,22.36975,no,
12,7,2022,7/12/2022,193,untrtpd_2,untrtpd_2-193,26.928,no,
13,7,2022,7/13/2022,194,untrtpd_2,untrtpd_2-194,28.65475,no,
14,7,2022,7/14/2022,195,untrtpd_2,untrtpd_2-195,30.49975,no,
15,7,2022,7/15/2022,196,untrtpd_2,untrtpd_2-196,29.373,no,
16,7,2022,7/16/2022,197,untrtpd_2,untrtpd_2-197,30.982,no,
17,7,2022,7/17/2022,198,untrtpd_2,untrtpd_2-198,33.92075,no,
18,7,2022,7/18/2022,199,untrtpd_2,untrtpd_2-199,24.901,no,
19,7,2022,7/19/2022,200,untrtpd_2,untrtpd_2-200,27.7215,no,
20,7,2022,7/20/2022,201,untrtpd_2,untrtpd_2-201,28.20425,no,
21,7,2022,7/21/2022,202,untrtpd_2,untrtpd_2-202,28.16125,no,
22,7,2022,7/22/2022,203,untrtpd_2,untrtpd_2-203,28.8585,no,
23,7,2022,7/23/2022,204,untrtpd_2,untrtpd_2-204,27.5395,no,
24,7,2022,7/24/2022,205,untrtpd_2,untrtpd_2-205,28.70825,no,
25,7,2022,7/25/2022,206,untrtpd_2,untrtpd_2-206,25.287,no,
26,7,2022,7/26/2022,207,untrtpd_2,untrtpd_2-207,25.67325,no,
27,7,2022,7/27/2022,208,untrtpd_2,untrtpd_2-208,25.39425,no,
28,7,2022,7/28/2022,209,untrtpd_2,untrtpd_2-209,27.936,no,
29,7,2022,7/29/2022,210,untrtpd_2,untrtpd_2-210,32.47275,no,
30,7,2022,7/30/2022,211,untrtpd_2,untrtpd_2-211,28.9335,no,
31,7,2022,7/31/2022,212,untrtpd_2,untrtpd_2-212,30.58525,no,
1,8,2022,8/1/2022,213,untrtpd_2,untrtpd_2-213,36.1195,no,
2,8,2022,8/2/2022,214,untrtpd_2,untrtpd_2-214,26.02725,no,
3,8,2022,8/3/2022,215,untrtpd_2,untrtpd_2-215,27.4,no,
4,8,2022,8/4/2022,216,untrtpd_2,untrtpd_2-216,25.37275,no,
5,8,2022,8/5/2022,217,untrtpd_2,untrtpd_2-217,24.708,Y,28.509925
6,8,2022,8/6/2022,218,untrtpd_2,untrtpd_2-218,16.32075,no,
7,8,2022,8/7/2022,219,untrtpd_2,untrtpd_2-219,25.66225,no,
8,8,2022,8/8/2022,220,untrtpd_2,untrtpd_2-220,30.15625,no,
9,8,2022,8/9/2022,221,untrtpd_2,untrtpd_2-221,27.64675,no,
10,8,2022,8/10/2022,222,untrtpd_2,untrtpd_2-222,28.612,no,
11,8,2022,8/11/2022,223,untrtpd_2,untrtpd_2-223,30.69225,no,
12,8,2022,8/12/2022,224,untrtpd_2,untrtpd_2-224,28.1935,no,
13,8,2022,8/13/2022,225,untrtpd_2,untrtpd_2-225,28.483,no,
14,8,2022,8/14/2022,226,untrtpd_2,untrtpd_2-226,27.7645,no,
15,8,2022,8/15/2022,227,untrtpd_2,untrtpd_2-227,27.24975,no,
16,8,2022,8/16/2022,228,untrtpd_2,untrtpd_2-228,28.9765,no,
17,8,2022,8/17/2022,229,untrtpd_2,untrtpd_2-229,28.5045,no,
18,8,2022,8/18/2022,230,untrtpd_2,untrtpd_2-230,25.9625,no,
19,8,2022,8/19/2022,231,untrtpd_2,untrtpd_2-231,27.11025,no,
20,8,2022,8/20/2022,232,untrtpd_2,untrtpd_2-232,26.96025,no,
21,8,2022,8/21/2022,233,untrtpd_2,untrtpd_2-233,26.9065,no,
22,8,2022,8/22/2022,234,untrtpd_2,untrtpd_2-234,29.942,no,
23,8,2022,8/23/2022,235,untrtpd_2,untrtpd_2-235,20.064,no,
24,8,2022,8/24/2022,236,untrtpd_2,untrtpd_2-236,20.76125,no,
25,8,2022,8/25/2022,237,untrtpd_2,untrtpd_2-237,19.9135,no,
26,8,2022,8/26/2022,238,untrtpd_2,untrtpd_2-238,24.41825,no,
27,8,2022,8/27/2022,239,untrtpd_2,untrtpd_2-239,25.19025,no,
28,8,2022,8/28/2022,240,untrtpd_2,untrtpd_2-240,18.6055,no,
29,8,2022,8/29/2022,241,untrtpd_2,untrtpd_2-241,23.882,no,
30,8,2022,8/30/2022,242,untrtpd_2,untrtpd_2-242,27.21775,no,
31,8,2022,8/31/2022,243,untrtpd_2,untrtpd_2-243,28.33275,no,
1,9,2022,9/1/2022,244,untrtpd_2,untrtpd_2-244,NA,Y,25.721925
2,9,2022,9/2/2022,245,untrtpd_2,untrtpd_2-245,NA,no,
3,9,2022,9/3/2022,246,untrtpd_2,untrtpd_2-246,NA,no,
9,6,2022,6/9/2022,160,untrtpd_3,untrtpd_3-160,NA,no,
10,6,2022,6/10/2022,161,untrtpd_3,untrtpd_3-161,NA,no,
11,6,2022,6/11/2022,162,untrtpd_3,untrtpd_3-162,NA,no,
12,6,2022,6/12/2022,163,untrtpd_3,untrtpd_3-163,NA,no,
13,6,2022,6/13/2022,164,untrtpd_3,untrtpd_3-164,NA,no,
14,6,2022,6/14/2022,165,untrtpd_3,untrtpd_3-165,NA,Y,
15,6,2022,6/15/2022,166,untrtpd_3,untrtpd_3-166,13.575,no,
16,6,2022,6/16/2022,167,untrtpd_3,untrtpd_3-167,23.14175,no,
17,6,2022,6/17/2022,168,untrtpd_3,untrtpd_3-168,29.18,no,
18,6,2022,6/18/2022,169,untrtpd_3,untrtpd_3-169,26.97075,no,
19,6,2022,6/19/2022,170,untrtpd_3,untrtpd_3-170,14.68,no,
20,6,2022,6/20/2022,171,untrtpd_3,untrtpd_3-171,18.487,no,
21,6,2022,6/21/2022,172,untrtpd_3,untrtpd_3-172,19.63475,no,
22,6,2022,6/22/2022,173,untrtpd_3,untrtpd_3-173,24.9225,no,
23,6,2022,6/23/2022,174,untrtpd_3,untrtpd_3-174,23.43175,no,
24,6,2022,6/24/2022,175,untrtpd_3,untrtpd_3-175,16.36375,no,
25,6,2022,6/25/2022,176,untrtpd_3,untrtpd_3-176,16.6535,no,
26,6,2022,6/26/2022,177,untrtpd_3,untrtpd_3-177,23.27075,no,
27,6,2022,6/27/2022,178,untrtpd_3,untrtpd_3-178,25.08325,no,
28,6,2022,6/28/2022,179,untrtpd_3,untrtpd_3-179,27.32475,no,
29,6,2022,6/29/2022,180,untrtpd_3,untrtpd_3-180,23.421,no,
30,6,2022,6/30/2022,181,untrtpd_3,untrtpd_3-181,20.57875,no,
1,7,2022,7/1/2022,182,untrtpd_3,untrtpd_3-182,25.56575,no,
2,7,2022,7/2/2022,183,untrtpd_3,untrtpd_3-183,26.63825,no,
3,7,2022,7/3/2022,184,untrtpd_3,untrtpd_3-184,18.01525,no,
4,7,2022,7/4/2022,185,untrtpd_3,untrtpd_3-185,22.37,no,
5,7,2022,7/5/2022,186,untrtpd_3,untrtpd_3-186,20.375,no,
6,7,2022,7/6/2022,187,untrtpd_3,untrtpd_3-187,24.032,Y,22.305425
7,7,2022,7/7/2022,188,untrtpd_3,untrtpd_3-188,23.925,no,
8,7,2022,7/8/2022,189,untrtpd_3,untrtpd_3-189,26.18775,no,
9,7,2022,7/9/2022,190,untrtpd_3,untrtpd_3-190,25.9305,no,
10,7,2022,7/10/2022,191,untrtpd_3,untrtpd_3-191,21.7905,no,
11,7,2022,7/11/2022,192,untrtpd_3,untrtpd_3-192,23.15275,no,
12,7,2022,7/12/2022,193,untrtpd_3,untrtpd_3-193,28.57975,no,
13,7,2022,7/13/2022,194,untrtpd_3,untrtpd_3-194,27.9575,no,
14,7,2022,7/14/2022,195,untrtpd_3,untrtpd_3-195,29.652,no,
15,7,2022,7/15/2022,196,untrtpd_3,untrtpd_3-196,29.298,no,
16,7,2022,7/16/2022,197,untrtpd_3,untrtpd_3-197,29.60925,no,
17,7,2022,7/17/2022,198,untrtpd_3,untrtpd_3-198,32.7945,no,
18,7,2022,7/18/2022,199,untrtpd_3,untrtpd_3-199,24.40725,no,
19,7,2022,7/19/2022,200,untrtpd_3,untrtpd_3-200,28.065,no,
20,7,2022,7/20/2022,201,untrtpd_3,untrtpd_3-201,28.15075,no,
21,7,2022,7/21/2022,202,untrtpd_3,untrtpd_3-202,27.50725,no,
22,7,2022,7/22/2022,203,untrtpd_3,untrtpd_3-203,27.73225,no,
23,7,2022,7/23/2022,204,untrtpd_3,untrtpd_3-204,26.0485,no,
24,7,2022,7/24/2022,205,untrtpd_3,untrtpd_3-205,29.1695,no,
25,7,2022,7/25/2022,206,untrtpd_3,untrtpd_3-206,22.49875,no,
26,7,2022,7/26/2022,207,untrtpd_3,untrtpd_3-207,25.46925,no,
27,7,2022,7/27/2022,208,untrtpd_3,untrtpd_3-208,23.76375,no,
28,7,2022,7/28/2022,209,untrtpd_3,untrtpd_3-209,26.499,no,
29,7,2022,7/29/2022,210,untrtpd_3,untrtpd_3-210,32.85925,no,
30,7,2022,7/30/2022,211,untrtpd_3,untrtpd_3-211,28.408,no,
31,7,2022,7/31/2022,212,untrtpd_3,untrtpd_3-212,30.59575,no,
1,8,2022,8/1/2022,213,untrtpd_3,untrtpd_3-213,36.00125,no,
2,8,2022,8/2/2022,214,untrtpd_3,untrtpd_3-214,24.68625,no,
3,8,2022,8/3/2022,215,untrtpd_3,untrtpd_3-215,29.3625,no,
4,8,2022,8/4/2022,216,untrtpd_3,untrtpd_3-216,26.91725,no,
5,8,2022,8/5/2022,217,untrtpd_3,untrtpd_3-217,22.9275,Y,28.0272625
6,8,2022,8/6/2022,218,untrtpd_3,untrtpd_3-218,15.68825,no,
7,8,2022,8/7/2022,219,untrtpd_3,untrtpd_3-219,26.13425,no,
8,8,2022,8/8/2022,220,untrtpd_3,untrtpd_3-220,29.824,no,
9,8,2022,8/9/2022,221,untrtpd_3,untrtpd_3-221,27.14225,no,
10,8,2022,8/10/2022,222,untrtpd_3,untrtpd_3-222,29.341,no,
11,8,2022,8/11/2022,223,untrtpd_3,untrtpd_3-223,30.86425,no,
12,8,2022,8/12/2022,224,untrtpd_3,untrtpd_3-224,28.96575,no,
13,8,2022,8/13/2022,225,untrtpd_3,untrtpd_3-225,31.22875,no,
14,8,2022,8/14/2022,226,untrtpd_3,untrtpd_3-226,27.432,no,
15,8,2022,8/15/2022,227,untrtpd_3,untrtpd_3-227,28.47225,no,
16,8,2022,8/16/2022,228,untrtpd_3,untrtpd_3-228,30.0385,no,
17,8,2022,8/17/2022,229,untrtpd_3,untrtpd_3-229,27.68975,no,
18,8,2022,8/18/2022,230,untrtpd_3,untrtpd_3-230,24.79375,no,
19,8,2022,8/19/2022,231,untrtpd_3,untrtpd_3-231,27.6145,no,
20,8,2022,8/20/2022,232,untrtpd_3,untrtpd_3-232,26.9925,no,
21,8,2022,8/21/2022,233,untrtpd_3,untrtpd_3-233,27.078,no,
22,8,2022,8/22/2022,234,untrtpd_3,untrtpd_3-234,30.29575,no,
23,8,2022,8/23/2022,235,untrtpd_3,untrtpd_3-235,19.33475,no,
24,8,2022,8/24/2022,236,untrtpd_3,untrtpd_3-236,19.249,no,
25,8,2022,8/25/2022,237,untrtpd_3,untrtpd_3-237,20.11775,no,
26,8,2022,8/26/2022,238,untrtpd_3,untrtpd_3-238,25.759,no,
27,8,2022,8/27/2022,239,untrtpd_3,untrtpd_3-239,24.53625,no,
28,8,2022,8/28/2022,240,untrtpd_3,untrtpd_3-240,19.02325,no,
29,8,2022,8/29/2022,241,untrtpd_3,untrtpd_3-241,24.2895,no,
30,8,2022,8/30/2022,242,untrtpd_3,untrtpd_3-242,27.9575,no,
31,8,2022,8/31/2022,243,untrtpd_3,untrtpd_3-243,28.72975,no,
1,9,2022,9/1/2022,244,untrtpd_3,untrtpd_3-244,NA,Y,25.9799125
2,9,2022,9/2/2022,245,untrtpd_3,untrtpd_3-245,NA,no,
3,9,2022,9/3/2022,246,untrtpd_3,untrtpd_3-246,NA,no,
