yr,month,day,site,plot,Serial,HydraProbe Serial,Timestamp,Location,Latitude,Longitude,Soil Moisture (wfv),Soil Moisture (%),Soil Temperature (°C),Soil Temperature (°F),Bulk EC (Raw),Bulk EC (TC),Bulk EC (Raw),Bulk EC (TC),Pore Water EC,Pore Water EC Offset,Raw Real Dielectric
2022,6,9,bison1,1,HG278966,278947,6/9/2022 14:09,Bison 1_1plot1,47.77816,-107.753,0.213,21.3,33.1,91.6,0.3,0.27,2.2,3.4,13,10.9,0.84
2022,6,9,bison1,2,HG278966,278947,6/9/2022 14:34,Bison 1_1plot2,47.7782,-107.752,0.236,23.6,35.7,96.3,0.37,0.32,2.3,3.4,14.5,13.2,0.91
2022,6,9,bison1,3,HG278966,278947,6/9/2022 14:54,Bison 1_1plot3,47.7783,-107.753,0.246,24.6,34.6,94.2,0.41,0.36,2.4,3.4,15.2,14.9,0.98
2022,6,9,bison1,4,HG278966,278947,6/9/2022 15:01,Bison 1 Plot 4,47.77865,-107.753,0.169,16.9,35.3,95.6,0.23,0.2,2.31,3.4,10.202,8.288,0.81
2022,6,9,bison1,5,HG278966,278947,6/9/2022 15:10,Bison1 Plot 5,47.7786,-107.753,0.226,22.6,36.5,97.7,0.41,0.35,2.63,3.4,13.828,14.898,1.08
2022,6,9,trtpd2,1,HG278966,278947,6/9/2022 15:57,Trtdpd2 plot 1,47.76428,-107.746,0.098,9.8,34.6,94.2,0.08,0.07,1.81,3.4,6.444,2.975,0.46
2022,6,9,trtpd2,2,HG278966,278947,6/9/2022 16:06,trtdpd2 plot 2,47.76415,-107.746,0.145,14.5,35.7,96.3,0.16,0.14,2.03,3.4,8.812,5.768,0.65
2022,6,9,trtpd2,3,HG278966,278947,6/9/2022 16:15,trtdpd2 plot 3,47.76419,-107.746,0.095,9.5,33.8,92.9,0.08,0.07,1.88,3.4,6.317,2.803,0.44
2022,6,9,trtpd2,4,HG278966,278947,6/9/2022 16:23,trtdpd 2 plot 4,47.76425,-107.746,0.126,12.6,33.1,91.6,0.12,0.11,1.96,3.4,7.811,4.293,0.55
2022,6,9,trtpd2,5,HG278966,278947,6/9/2022 16:38,trtdpd2 plot 5,47.76458,-107.746,0.061,6.1,34.9,94.9,0.04,0.03,1.65,3.4,4.831,1.403,0.29
2022,6,9,ungrazed1,1,HG278966,278947,6/9/2022 11:14,Ungrazed1 Plot 1,47.71116,-107.775,0.445,44.5,25.9,78.6,1.2,1.19,3.18,3.4,32.819,43.093,1.31
2022,6,9,ungrazed1,3,HG278966,278947,6/9/2022 12:18,ungrazed1 plot 3,47.71149,-107.774,0.444,44.4,37.4,99.3,1.23,1.04,2.79,3.4,32.637,44.069,1.35
2022,6,9,ungrazed1,2,HG278966,278947,6/9/2022 11:44,Ungrazed1 Plot 2,47.71151,-107.774,0.408,40.8,27.8,82,1.09,1.05,3.22,3.4,28.996,39.298,1.36
2022,6,9,ungrazed1,5,HG278966,278947,6/9/2022 12:44,ungrazed1 plot 5,47.71183,-107.773,0.376,37.6,37.8,100,0.91,0.77,2.69,3.4,25.896,32.883,1.27
2022,6,10,untrtpd1,1,HG278966,278947,6/10/2022 10:35,untrtdpd1 plot 1,47.98092,-107.94,0.171,17.1,22.6,72.6,0.13,0.13,1.48,3.4,10.293,4.538,0.44
2022,6,10,untrtpd1,2,HG278966,278947,6/10/2022 10:52,untrtdpd2 plot 2,47.98222,-107.939,0.192,19.2,23.3,73.9,0.21,0.21,2.02,3.4,11.571,7.411,0.64
2022,6,10,untrtpd1,3,HG278966,278947,6/10/2022 11:22,untrtd1 plot 3 (actual,47.98277,-107.938,0.189,18.9,24.2,75.5,0.22,0.22,2.15,3.4,11.416,7.755,0.68
2022,6,10,untrtpd1,4,HG278966,278947,6/10/2022 11:10,untrtdpd2 plot 2,47.98217,-107.938,0.235,23.5,23.9,75.1,0.17,0.18,1.28,3.4,14.445,6.255,0.43
2022,6,10,untrtpd1,5,HG278966,278947,6/10/2022 11:35,untrtdpd1 plot 5,47.98248,-107.938,0.217,21.7,25.4,77.7,0.15,0.15,1.2,3.4,13.177,5.41,0.41
2022,6,10,cattle2,1,HG278966,278947,6/10/2022 12:53,cattle2 plot 1,47.91009,-108.054,0.138,13.8,30.4,86.8,0.13,0.12,1.87,3.4,8.441,4.632,0.55
2022,6,10,cattle2,2,HG278966,278947,6/10/2022 13:10,cattle2 plot 2,47.91046,-108.055,0.175,17.5,32.4,90.3,0.13,0.12,1.32,3.4,10.56,4.773,0.45
2022,6,10,cattle2,3,HG278966,278947,6/10/2022 13:26,cattle2 plot 3,47.91028,-108.055,0.244,24.4,32.1,89.7,0.27,0.24,1.62,3.4,15.05,9.691,0.64
2022,6,10,cattle2,4,HG278966,278947,6/10/2022 13:30,cattle2 plot 4,47.91046,-108.055,0.254,25.4,31.1,87.9,0.37,0.33,2.1,3.4,15.758,13.148,0.83
2022,6,10,cattle2,5,HG278966,278947,6/10/2022 13:39,cattle 2 plot 5,47.91078,-108.054,0.26,26,31.4,88.5,0.26,0.24,1.47,3.4,16.258,9.511,0.59
2022,6,9,ungrazed1,4,HG278966,278947,6/9/2022 12:35,Ungrazed 1_1plot4,47.71198,-107.774,0.474,47.4,35.7,96.3,1.73,1.49,3.6,3.4,35.8,62.3,1.74
2022,6,14,untrtpd3,1,HG278966,278947,6/14/2022 9:48,pd untreated 3 plot 1,47.871,-108.232,0.11,11,15,59.1,0.14,0.16,3.47,3.4,7.02,5.055,0.72
2022,6,14,untrtpd3,2,HG278966,278947,6/14/2022 10:01,pd untreated 3 plot 2,47.87095,-108.232,0.038,3.8,16.3,61.4,0.04,0.05,6.78,3.4,3.979,1.528,0.38
2022,6,14,untrtpd3,3,HG278966,278947,6/14/2022 10:13,pd untreated 3 plot 3,47.8709,-108.232,0.257,25.7,15.7,60.2,0.45,0.52,3.25,3.4,15.978,16.249,1.02
2022,6,14,untrtpd3,4,HG278966,278947,6/14/2022 10:29,pd untreated 3 plot 4,47.87105,-108.232,0.156,15.6,16,60.8,0.21,0.25,3.25,3.4,9.432,7.722,0.82
2022,6,14,untrtpd3,5,HG278966,278947,6/14/2022 10:40,pd untreated 3 plot 5,47.87135,-108.232,0.119,11.9,16.8,62.3,0.14,0.15,2.89,3.4,7.479,4.903,0.66
2022,6,14,bison3,1,HG278966,278947,6/14/2022 11:28,bison3 plot 1,47.89735,-108.153,0.212,21.2,20.9,69.6,0.35,0.37,3.06,3.4,12.884,12.618,0.98
2022,6,14,bison3,2,HG278966,278947,6/14/2022 11:40,bison 3 plot 2,47.89736,-108.153,0.234,23.4,23.5,74.3,0.44,0.44,3.15,3.4,14.382,15.66,1.09
2022,6,14,bison3,3,HG278966,278947,6/14/2022 11:55,bison 3 plot 3,47.89727,-108.152,0.209,20.9,25.1,77.3,0.34,0.34,2.88,3.4,12.656,12.302,0.97
2022,6,14,bison3,4,HG278966,278947,6/14/2022 12:12,bison 3 plot 4,47.8975,-108.153,0.233,23.3,24.2,75.5,0.37,0.38,2.74,3.4,14.285,13.46,0.94
2022,6,14,bison3,5,HG278966,278947,6/14/2022 12:19,bison 3 plot 5,47.89767,-108.152,0.157,15.7,25.4,77.7,0.18,0.18,2.32,3.4,9.5,6.628,0.7
2022,6,14,untrtpd2,1,HG278966,278947,6/14/2022 13:32,pd untreated 2 plot 1,47.89277,-108.174,0.117,11.7,21.5,70.7,0.16,0.17,3.36,3.4,7.372,5.864,0.8
2022,6,14,untrtpd2,2,HG278966,278947,6/14/2022 13:43,pd untreated 2 plot 2,47.89252,-108.174,0.122,12.2,22.4,72.3,0.16,0.16,2.99,3.4,7.606,5.605,0.74
2022,6,14,untrtpd2,3,HG278966,278947,6/14/2022 13:54,pd untreated 2 plot 3,47.89273,-108.174,0.159,15.9,22.1,71.9,0.24,0.25,3.17,3.4,9.6,8.501,0.89
2022,6,14,untrtpd2,4,HG278966,278947,6/14/2022 14:05,pd untreated 2 plot 4,47.89286,-108.174,0.099,9.9,22.1,71.9,0.1,0.1,2.54,3.4,6.493,3.543,0.55
2022,6,14,untrtpd2,5,HG278966,278947,6/14/2022 14:11,pd untreated 2 plot 5,47.8932,-108.173,0.176,17.6,22.1,71.9,0.27,0.28,3.05,3.4,10.613,9.82,0.93
2022,6,14,bison2,1,HG278966,278947,6/14/2022 15:32,bison 2 plot 1,47.97655,-107.972,0.102,10.2,20.9,69.6,0.07,0.07,1.7,3.4,6.64,2.408,0.36
2022,6,14,bison2,2,HG278966,278947,6/14/2022 15:39,bison 2 plot 2,47.97669,-107.972,0.138,13.8,20.1,68.2,0.08,0.09,1.39,3.4,8.478,3.037,0.36
2022,6,14,bison2,3,HG278966,278947,6/14/2022 15:47,bison 2 plot 3,47.97683,-107.972,0.104,10.4,19.5,67.1,0.1,0.11,2.57,3.4,6.761,3.692,0.55
2022,6,14,bison2,4,HG278966,278947,6/14/2022 15:55,bison 2 plot 4,47.97719,-107.972,0.085,8.5,18.8,65.8,0.08,0.09,2.88,3.4,5.857,2.91,0.5
2022,6,14,bison2,5,HG278966,278947,6/14/2022 16:01,bison 2 plot 5,47.9772,-107.972,0.07,7,18.6,65.4,0.06,0.06,2.6,3.4,5.214,1.991,0.38
2022,6,16,trtpd3,1,HG278966,278947,6/16/2022 9:01,pd treated 3 plot 1,47.74455,-107.776,0.171,17.1,18.2,64.8,0.24,0.27,3.07,3.4,10.303,8.797,0.85
2022,6,16,trtpd3,2,HG278966,278947,6/16/2022 9:08,pd treated 3 plot 2,47.7343,-107.779,0.209,20.9,19.7,67.5,0.32,0.35,2.96,3.4,12.678,11.64,0.92
2022,6,16,trtpd3,3,HG278966,278947,6/16/2022 9:13,pd treated 3 plot 3,47.73426,-107.779,0.178,17.8,21.1,70,0.28,0.29,3.1,3.4,10.741,9.959,0.93
2022,6,16,trtpd3,4,HG278966,278947,6/16/2022 9:20,pd treated 3 plot 4,47.73443,-107.779,0.19,19,23.3,73.9,0.32,0.33,3.22,3.4,11.433,11.553,1.01
2022,6,16,trtpd3,5,HG278966,278947,6/16/2022 9:24,pd treated 3 plot 5,47.7346,-107.778,0.234,23.4,23.7,74.7,0.38,0.38,2.72,3.4,14.377,13.578,0.94
2022,6,16,trtpd1,1,HG278966,278947,6/16/2022 10:22,pd treated 1 plot 1,47.78159,-107.779,0.12,12,28.3,83,0.16,0.15,2.84,3.4,7.548,5.75,0.76
2022,6,16,trtpd1,2,HG278966,278947,6/16/2022 10:26,pd treated 1 plot 2,47.78158,-107.779,0.038,3.8,28.9,84,0.03,0.03,4.08,3.4,3.977,1.233,0.31
2022,6,16,trtpd1,3,HG278966,278947,6/16/2022 10:31,pd treated 1 plot 3,47.78149,-107.779,0.254,25.4,29.5,85.1,0.47,0.44,2.79,3.4,15.767,16.865,1.07
2022,6,16,trtpd1,4,HG278966,278947,6/16/2022 10:36,pd treated 1 plot 4,47.78161,-107.779,0.145,14.5,29.8,85.6,0.24,0.22,3.17,3.4,8.851,8.486,0.96
2022,6,16,trtpd1,5,HG278966,278947,6/16/2022 10:45,pd treated 1 plot 5,47.78197,-107.779,0.094,9.4,30.4,86.8,0.1,0.1,2.72,3.4,6.287,3.726,0.59
2022,6,16,ungrazed2,1,HG278966,278947,6/16/2022 11:46,ungrazed 2 plot 1,47.69796,-107.67,0.22,22,30.7,87.3,0.43,0.4,3.14,3.4,13.387,15.311,1.14
2022,6,16,ungrazed2,2,HG278966,278947,6/16/2022 12:03,ungrazed 2 plot 2,47.69809,-107.669,0.154,15.4,34.9,94.9,0.71,0.63,8.3,3.4,9.358,25.623,2.74
2022,6,16,ungrazed2,3,HG278966,278947,6/16/2022 12:12,ungrazed 2 plot 3,47.69814,-107.669,0.247,24.7,34.9,94.9,1.44,1.26,8.32,3.4,15.286,51.688,3.38
2022,6,16,ungrazed2,4,HG278966,278947,6/16/2022 12:20,ungrazed 2 plot 4,47.69833,-107.669,0.165,16.5,36.1,97,0.3,0.26,3.11,3.4,9.954,10.674,1.07
2022,6,16,ungrazed2,5,HG278966,278947,6/16/2022 12:34,ungrazed2 plot 5,47.69834,-107.669,0.181,18.1,39.1,102.5,0.29,0.24,2.52,3.4,10.88,10.383,0.95
2022,6,16,cattle1,1,HG278966,278947,6/16/2022 13:43,cattle 1 plot 1,47.75497,-107.579,0.1,10,32.4,90.3,0.14,0.12,2.98,3.4,6.558,4.918,0.75
2022,6,16,cattle1,2,HG278966,278947,6/16/2022 13:54,cattle 1 plot 2,47.75496,-107.579,0.065,6.5,36.5,97.7,0.07,0.06,2.92,3.4,5.014,2.34,0.47
2022,6,16,cattle1,3,HG278966,278947,6/16/2022 14:04,cattle 1 plot 3,47.75519,-107.579,0.029,2.9,38.2,100.8,0.03,0.03,9.85,3.4,3.639,1.143,0.31
2022,6,16,cattle1,4,HG278966,278947,6/16/2022 14:14,cattle 1 plot 4,47.755,-107.579,0.077,7.7,40.6,105.1,0.11,0.09,3.31,3.4,5.536,3.918,0.71
2022,6,16,cattle1,5,HG278966,278947,6/16/2022 14:25,cattle 1 plot 5,47.75545,-107.579,0.062,6.2,42.1,107.8,0.06,0.05,2.62,3.4,4.896,2.177,0.44
2022,6,17,cattle3,1,HG278966,278947,6/17/2022 9:31,cattle 3 plot 1,47.81146,-108.176,0.085,8.5,25.6,78.2,0.1,0.09,2.84,3.4,5.884,3.429,0.58
2022,6,17,cattle3,2,HG278966,278947,6/17/2022 9:38,cattle 3 plot 2,47.81147,-108.176,0.037,3.7,26.7,80,0.03,0.03,4.56,3.4,3.916,1.141,0.29
2022,6,17,cattle3,3,HG278966,278947,6/17/2022 9:47,cattle 3 plot 3,47.81141,-108.176,0.045,4.5,29.8,85.6,0.05,0.04,3.79,3.4,4.229,1.657,0.39
2022,6,17,cattle3,4,HG278966,278947,6/17/2022 10:04,cattle 3 plot 4,47.81183,-108.176,0.043,4.3,31.7,89.1,0.06,0.05,5.2,3.4,4.155,2.047,0.49
2022,6,17,cattle3,5,HG278966,278947,6/17/2022 10:16,cattle 3 plot 5,47.81189,-108.176,0.016,1.6,31.7,89.1,0.02,0.02,0,3.4,3.196,0.675,0.21
2022,6,17,ungrazed3,1,HG278966,278947,6/17/2022 12:52,ungrazed 3 plot 1,48.39186,-107.683,0.074,7.4,34.2,93.5,0.05,0.05,1.98,3.4,5.387,1.978,0.37
2022,6,17,ungrazed3,2,HG278966,278947,6/17/2022 13:04,ungrazed 3 plot 2,48.39183,-107.683,0.051,5.1,36.1,97,0.04,0.04,2.97,3.4,4.458,1.52,0.34
2022,6,17,ungrazed3,3,HG278966,278947,6/17/2022 13:15,ungrazed 3 plot 3,48.39191,-107.683,0.053,5.3,38.2,100.8,0.04,0.04,2.83,3.4,4.511,1.574,0.35
2022,6,17,ungrazed3,4,HG278966,278947,6/17/2022 13:27,ungrazed 3 plot 4,48.39187,-107.683,0.061,6.1,40.1,104.2,0.06,0.05,2.7,3.4,4.852,2.081,0.43
2022,6,17,ungrazed3,5,HG278966,278947,6/17/2022 13:44,ungrazed 3 plot 5,48.39204,-107.682,0.077,7.7,40.6,105.1,0.05,0.04,1.47,3.4,5.534,1.957,0.35
2022,7,4,bison1,1,HG278966,278947,7/4/2022 10:56,Bison 1 Plot 1,47.77816,-107.753,0.168,16.8,23.5,74.3,0.24,0.24,2.79,3.4,10.144,8.557,0.84
2022,7,4,bison1,2,HG278966,278947,7/4/2022 11:05,Bison 1 Plot 2,47.77825,-107.752,0.252,25.2,26.7,80,0.35,0.35,2.25,3.4,15.609,12.663,0.81
2022,7,4,bison1,3,HG278966,278947,7/4/2022 11:19,Bison 1 Plot 3,47.77816,-107.752,0.297,29.7,30.4,86.8,0.9,0.83,4.15,3.4,19.085,32.257,1.69
2022,7,4,bison1,5,HG278966,278947,7/4/2022 11:42,Bison1 Plot 5,47.77859,-107.752,0.061,6.1,31.4,88.5,0.07,0.07,3.83,3.4,4.834,2.591,0.54
2022,7,4,bison1,4,HG278966,278947,7/4/2022 11:49,Bison 1 Plot 4,47.77848,-107.753,0.191,19.1,33.1,91.6,0.29,0.26,2.52,3.4,11.513,10.504,0.91
2022,7,4,ungrazed1,1,HG278966,278947,7/4/2022 13:03,Ungrazed1 Plot 1,47.71154,-107.774,0.28,28,29.8,85.6,0.53,0.5,2.75,3.4,17.697,19.082,1.08
2022,7,4,ungrazed1,2,HG278966,278947,7/4/2022 13:14,Ungrazed1 Plot 2,47.71155,-107.774,0.148,14.8,34.2,93.5,0.17,0.16,2.25,3.4,8.992,6.26,0.7
2022,7,4,ungrazed1,3,HG278966,278947,7/4/2022 13:27,ungrazed1 plot 3,47.71151,-107.774,0.372,37.2,33.4,92.2,1,0.89,3.15,3.4,25.578,35.836,1.4
2022,7,4,ungrazed1,4,HG278966,278947,7/4/2022 13:43,ungrazed 1 plot 4,47.71166,-107.774,0.284,28.4,38.2,100.8,0.64,0.54,2.89,3.4,18.082,23.079,1.28
2022,7,4,ungrazed1,5,HG278966,278947,7/4/2022 13:52,ungrazed1 plot 5,47.71188,-107.774,0.311,31.1,38.2,100.8,0.99,0.83,3.87,3.4,20.218,35.684,1.76
2022,7,4,trtpd2,1,HG278966,278947,7/4/2022 14:32,Trtdpd2 plot 1,47.76422,-107.746,0.056,5.6,30.7,87.3,0.04,0.04,2.49,3.4,4.661,1.377,0.3
2022,7,4,trtpd2,2,HG278966,278947,7/4/2022 14:41,trtdpd2 plot 2,47.7642,-107.746,0.057,5.7,32.7,90.9,0.05,0.05,3.04,3.4,4.693,1.908,0.41
2022,7,4,trtpd2,3,HG278966,278947,7/4/2022 14:49,trtdpd2 plot 3,47.76419,-107.745,0.069,6.9,33.8,92.9,0.07,0.06,2.67,3.4,5.163,2.598,0.5
2022,7,4,trtpd2,4,HG278966,278947,7/4/2022 14:56,trtdpd 2 plot 4,47.76423,-107.746,0.07,7,36.5,97.7,0.08,0.06,2.56,3.4,5.238,2.709,0.52
2022,7,4,trtpd2,5,HG278966,278947,7/4/2022 15:01,trtdpd2 plot 5,47.7645,-107.746,0.281,28.1,37.8,100,0.35,0.3,1.64,3.4,17.783,12.69,0.71
2022,7,5,cattle3,1,HG278966,278947,7/5/2022 13:39,cattle 3 plot 1,47.81133,-108.176,0.084,8.4,27.2,81,0.08,0.08,2.57,3.4,5.843,2.865,0.49
2022,7,5,cattle3,2,HG278966,278947,7/5/2022 13:47,cattle 3 plot 2,47.81147,-108.176,0.048,4.8,28.3,83,0.05,0.04,3.28,3.4,4.356,1.632,0.37
2022,7,5,cattle3,3,HG278966,278947,7/5/2022 13:57,cattle 3 plot 3,47.81133,-108.176,0.076,7.6,30.4,86.8,0.09,0.09,3.41,3.4,5.474,3.308,0.6
2022,7,5,cattle3,4,HG278966,278947,7/5/2022 14:06,cattle 3 plot 4,47.8115,-108.176,0.102,10.2,31.1,87.9,0.13,0.12,2.91,3.4,6.636,4.754,0.72
2022,7,5,cattle3,5,HG278966,278947,7/5/2022 14:16,cattle 3 plot 5,47.8118,-108.176,0.058,5.8,32.4,90.3,0.05,0.05,2.92,3.4,4.742,1.964,0.41
2022,7,5,bison3,1,HG278966,278947,7/5/2022 15:15,bison3 plot 1,47.89724,-108.153,0.083,8.3,29.8,85.6,0.1,0.09,2.97,3.4,5.778,3.518,0.61
2022,7,5,bison3,2,HG278966,278947,7/5/2022 15:24,bison 3 plot 2,47.89737,-108.153,0.137,13.7,29.8,85.6,0.19,0.18,2.83,3.4,8.399,6.891,0.82
2022,7,5,bison3,3,HG278966,278947,7/5/2022 15:37,bison 3 plot 3,47.89726,-108.152,0.132,13.2,28.9,84,0.16,0.15,2.48,3.4,8.15,5.743,0.7
2022,7,5,bison3,4,HG278966,278947,7/5/2022 15:46,bison 3 plot 4,47.89742,-108.152,0.098,9.8,27.8,82,0.14,0.14,3.6,3.4,6.453,5.068,0.79
2022,7,5,bison3,5,HG278966,278947,7/5/2022 15:52,bison 3 plot 5,47.89779,-108.153,0.056,5.6,26.7,80,0.07,0.07,4.34,3.4,4.667,2.566,0.55
2022,7,6,untrtpd3,1,HG278966,278947,7/6/2022 10:19,pd untreated 3 plot 1,47.87092,-108.232,0.04,4,24.7,76.4,0.06,0.06,7.28,3.4,4.047,2.122,0.52
2022,7,6,untrtpd3,2,HG278966,278947,7/6/2022 10:29,pd untreated 3 plot 2,47.87092,-108.232,0.065,6.5,28.3,83,0.08,0.08,3.86,3.4,5.025,2.873,0.57
2022,7,6,untrtpd3,3,HG278966,278947,7/6/2022 10:38,pd untreated 3 plot 3,47.87096,-108.232,0.068,6.8,30.4,86.8,0.06,0.06,2.7,3.4,5.143,2.311,0.45
2022,7,6,untrtpd3,4,HG278966,278947,7/6/2022 10:47,pd untreated 3 plot 4,47.87099,-108.232,0.128,12.8,33.4,92.2,0.14,0.12,2.08,3.4,7.93,4.908,0.62
2022,7,6,untrtpd3,5,HG278966,278947,7/6/2022 10:57,pd untreated 3 plot 5,47.8713,-108.232,0.097,9.7,34.6,94.2,0.14,0.12,3.14,3.4,6.399,4.953,0.77
2022,7,6,untrtpd2,1,HG278966,278947,7/6/2022 11:55,pd untreated 2 plot 1,47.89278,-108.173,0.131,13.1,32.7,90.9,0.15,0.14,2.34,3.4,8.097,5.415,0.67
2022,7,6,untrtpd2,2,HG278966,278947,7/6/2022 12:06,pd untreated 2 plot 2,47.89278,-108.174,0.143,14.3,35.7,96.3,0.19,0.16,2.35,3.4,8.734,6.755,0.77
2022,7,6,untrtpd2,3,HG278966,278947,7/6/2022 12:16,pd untreated 2 plot 3,47.89203,-108.174,0.128,12.8,39.1,102.5,0.17,0.14,2.42,3.4,7.933,6.248,0.79
2022,7,6,untrtpd2,4,HG278966,278947,7/6/2022 12:26,pd untreated 2 plot 4,47.89279,-108.174,0.093,9.3,41.6,106.9,0.13,0.11,3.06,3.4,6.224,4.683,0.75
2022,7,6,cattle2,1,HG278966,278947,7/6/2022 13:28,cattle2 plot 1,47.91026,-108.055,0.063,6.3,36.9,98.5,0.07,0.06,3.1,3.4,4.919,2.462,0.5
2022,7,6,cattle2,2,HG278966,278947,7/6/2022 13:37,cattle2 plot 2,47.91026,-108.055,0.055,5.5,38.7,101.6,0.05,0.04,2.62,3.4,4.598,1.946,0.42
2022,7,6,cattle2,3,HG278966,278947,7/6/2022 14:03,cattle2 plot 3,47.91034,-108.055,0.067,6.7,43.8,110.8,0.06,0.05,2.3,3.4,5.108,2.218,0.43
2022,7,6,cattle2,4,HG278966,278947,7/6/2022 14:05,cattle2 plot 4,47.9103,-108.055,0.074,7.4,43.2,109.8,0.07,0.06,2.38,3.4,5.383,2.644,0.49
2022,7,6,cattle2,5,HG278966,278947,7/6/2022 14:13,cattle 2 plot 5,47.91058,-108.054,0.122,12.2,46.8,116.2,0.13,0.1,1.87,3.4,7.607,4.689,0.62
2022,7,6,trtpd1,1,HG278966,278947,7/6/2022 15:24,pd treated 1 plot 1,47.7816,-107.779,0.136,13.6,35.3,95.6,0.16,0.14,2.22,3.4,8.346,5.725,0.69
2022,7,6,trtpd1,2,HG278966,278947,7/6/2022 15:28,pd treated 1 plot 2,47.78159,-107.779,0.105,10.5,36.1,97,0.12,0.11,2.55,3.4,6.785,4.392,0.65
2022,7,6,trtpd1,3,HG278966,278947,7/6/2022 15:33,pd treated 1 plot 3,47.78154,-107.779,0.23,23,36.5,97.7,0.44,0.38,2.8,3.4,14.061,15.681,1.12
2022,7,6,trtpd1,4,HG278966,278947,7/6/2022 15:38,pd treated 1 plot 4,47.78165,-107.779,0.146,14.6,36.1,97,0.23,0.19,2.73,3.4,8.864,8.13,0.92
2022,7,6,trtpd1,5,HG278966,278947,7/6/2022 15:43,pd treated 1 plot 5,47.78191,-107.779,0.162,16.2,36.5,97.7,0.18,0.16,1.97,3.4,9.774,6.646,0.68
2022,7,7,trtpd3,1,HG278966,278947,7/7/2022 14:52,pd treated 3 plot 1,47.73449,-107.779,0.315,31.5,32.7,90.9,0.89,0.8,3.67,3.4,20.511,32.085,1.56
2022,7,7,trtpd3,2,HG278966,278947,7/7/2022 14:56,pd treated 3 plot 2,47.73417,-107.779,0.297,29.7,33.4,92.2,0.64,0.57,2.85,3.4,19.092,23.05,1.21
2022,7,7,trtpd3,3,HG278966,278947,7/7/2022 15:03,pd treated 3 plot 3,47.7342,-107.779,0.367,36.7,34.9,94.9,0.95,0.82,2.97,3.4,25.092,33.994,1.35
2022,7,7,trtpd3,4,HG278966,278947,7/7/2022 15:07,pd untreated 3 plot 4,47.73439,-107.779,0.185,18.5,34.9,94.9,0.33,0.29,2.93,3.4,11.181,11.965,1.07
2022,7,7,trtpd3,5,HG278966,278947,7/7/2022 15:10,pd untreated 3 plot 5,47.73464,-107.779,0.325,32.5,35.7,96.3,0.68,0.59,2.57,3.4,21.412,24.392,1.14
2022,7,8,untrtpd1,1,HG278966,278947,7/8/2022 10:05,untrtdpd1 plot 1,47.98226,-107.939,0.134,13.4,28,82.5,0.11,0.11,1.77,3.4,8.272,3.975,0.48
2022,7,8,untrtpd1,2,HG278966,278947,7/8/2022 10:16,untrtdpd1 plot 2,47.98228,-107.938,0.117,11.7,29.8,85.6,0.09,0.08,1.57,3.4,7.391,3.13,0.42
2022,7,8,untrtpd1,3,HG278966,278947,7/8/2022 10:25,untrtdpd1 plot 3,47.98228,-107.939,0.121,12.1,32.7,90.9,0.18,0.16,3.01,3.4,7.575,6.359,0.84
2022,7,8,untrtpd1,4,HG278966,278947,7/8/2022 10:38,untrtdpd1 plot 4,47.98261,-107.939,0.163,16.3,33.8,92.9,0.16,0.14,1.71,3.4,9.831,5.719,0.58
2022,7,8,untrtpd1,5,HG278966,278947,7/8/2022 10:51,untrtdpd1 plot 5,47.98273,-107.938,0.098,9.8,34.9,94.9,0.1,0.09,2.33,3.4,6.437,3.656,0.57
2022,7,8,bison2,1,HG278966,278947,7/8/2022 11:38,bison 2 plot 1,47.97667,-107.972,0.101,10.1,33.1,91.6,0.09,0.08,1.95,3.4,6.62,3.21,0.48
2022,7,8,bison2,2,HG278966,278947,7/8/2022 11:48,bison 2 plot 2,47.97667,-107.972,0.062,6.2,37.4,99.3,0.05,0.05,2.63,3.4,4.893,1.944,0.4
2022,7,8,bison2,3,HG278966,278947,7/8/2022 11:56,bison 2 plot 3,47.97682,-107.972,0.124,12.4,39.6,103.3,0.1,0.09,1.63,3.4,7.731,3.727,0.48
2022,7,8,bison2,4,HG278966,278947,7/8/2022 12:04,bison 2 plot 4,47.97681,-107.972,0.156,15.6,39.6,103.3,0.13,0.11,1.43,3.4,9.453,4.839,0.51
2022,7,8,bison2,5,HG278966,278947,7/8/2022 12:11,bison 2 plot 5,47.97711,-107.972,0.261,26.1,41.6,106.9,0.23,0.19,1.16,3.4,16.313,8.246,0.51
2022,7,11,ungrazed3,1,HG278966,278947,7/11/2022 14:24,ungrazed 3 plot 1,48.39182,-107.683,0.165,16.5,33.4,92.2,0.11,0.1,1.2,3.4,9.956,3.93,0.39
2022,7,11,ungrazed3,2,HG278966,278947,7/11/2022 14:32,ungrazed 3 plot 2,48.3916,-107.682,0.153,15.3,34.9,94.9,0.11,0.09,1.2,3.4,9.273,3.82,0.41
2022,7,11,ungrazed3,3,HG278966,278947,7/11/2022 14:41,ungrazed 3 plot 3,48.39174,-107.682,0.198,19.8,37.8,100,0.12,0.1,0.92,3.4,11.966,4.331,0.36
2022,7,11,ungrazed3,4,HG278966,278947,7/11/2022 14:49,ungrazed 3 plot 4,48.39186,-107.682,0.184,18.4,38.2,100.8,0.1,0.08,0.82,3.4,11.064,3.525,0.32
2022,7,11,ungrazed3,5,HG278966,278947,7/11/2022 14:57,ungrazed 3 plot 5,48.39225,-107.682,0.168,16.8,39.6,103.3,0.12,0.1,1.16,3.4,10.157,4.312,0.42
2022,7,12,ungrazed2,1,HG278966,278947,7/12/2022 9:37,ungrazed 2 plot 1,47.69806,-107.669,0.362,36.2,24.7,76.4,0.78,0.79,2.92,3.4,24.655,28.165,1.14
2022,7,12,ungrazed2,2,HG278966,278947,7/12/2022 9:53,ungrazed 2 plot 2,47.69812,-107.669,0.382,38.2,27.8,82,1,0.97,3.29,3.4,26.519,36.037,1.36
2022,7,12,ungrazed2,3,HG278966,278947,7/12/2022 10:08,ungrazed 2 plot 3,47.69811,-107.67,0.95,95,34.6,94.2,2.68,2.37,1.78,3.4,107.761,96.46,0.9
2022,7,12,ungrazed2,4,HG278966,278947,7/12/2022 10:14,ungrazed 2 plot 4,47.69815,-107.669,0.295,29.5,34.9,94.9,0.58,0.51,2.58,3.4,18.921,21.001,1.11
2022,7,12,ungrazed2,5,HG278966,278947,7/12/2022 10:32,ungrazed2 plot 5,47.69839,-107.669,0.33,33,39.1,102.5,1.64,1.36,5.79,3.4,21.831,58.913,2.7
2022,7,12,cattle1,1,HG278966,278947,7/12/2022 12:25,cattle 1 plot 1,47.75496,-107.579,0.166,16.6,31.7,89.1,0.13,0.12,1.43,3.4,10.003,4.807,0.48
2022,7,12,cattle1,2,HG278966,278947,7/12/2022 12:36,cattle 1 plot 2,47.7548,-107.579,0.196,19.6,36.1,97,0.21,0.19,1.76,3.4,11.864,7.66,0.65
2022,7,12,cattle1,3,HG278966,278947,7/12/2022 12:48,cattle 1 plot 3,47.75476,-107.579,0.214,21.4,39.6,103.3,0.35,0.29,2.38,3.4,12.967,12.6,0.97
2022,7,12,cattle1,4,HG278966,278947,7/12/2022 13:01,cattle 1 plot 4,47.75497,-107.579,0.102,10.2,40.6,105.1,0.12,0.1,2.41,3.4,6.664,4.484,0.67
2022,7,12,cattle1,5,HG278966,278947,7/12/2022 13:13,cattle 1 plot 5,47.75528,-107.579,0.2,20,38.7,101.6,0.29,0.24,2.17,3.4,12.076,10.482,0.87
2022,8,2,cattle3,1,HG278966,278947,8/2/2022 10:02,cattle 3 plot 1,47.811456,-108.175953,0,0,32.1,89.7,0.01,0.01,0,3.4,2.473,0.252,0.1
2022,8,2,cattle3,2,HG278966,278947,8/2/2022 10:09,cattle 3 plot 2,47.811489,-108.175968,0.061,6.1,33.1,91.6,0.06,0.05,2.7,3.4,4.854,2.121,0.44
2022,8,2,cattle3,3,HG278966,278947,8/2/2022 10:17,cattle 3 plot 3,47.811746,-108.176007,0.056,5.6,36.1,97,0.06,0.06,3.74,3.4,4.66,2.321,0.5
2022,8,2,cattle3,4,HG278966,278947,8/2/2022 10:24,cattle 3 plot 4,47.811759,-108.175926,0,0,36.5,97.7,0.01,0.01,0,3.4,2.673,0.407,0.15
2022,8,2,cattle3,5,HG278966,278947,8/2/2022 10:31,cattle 3 plot 5,47.811936,-108.17613,0.028,2.8,36.1,97,0.03,0.03,11.66,3.4,3.602,1.096,0.3
2022,8,2,untrtpd1,1,HG278966,278947,8/2/2022 11:58,untrtdpd1 plot 1,47.982088,-107.938837,0,0,37.4,99.3,0.01,0.01,0,3.4,2.408,0.368,0.15
2022,8,2,untrtpd1,2,HG278966,278947,8/2/2022 12:06,untrtdpd1 plot 2,47.982198,-107.93799,0,0,40.6,105.1,0.01,0.01,0,3.4,2.648,0.271,0.1
2022,8,2,trtpd2,1,HG278966,278947,8/2/2022 15:32,Trtdpd2 plot 1,47.764174,-107.746012,0,0,40.1,104.2,0.01,0.01,0,3.4,2.576,0.43,0.17
2022,8,2,trtpd2,2,HG278966,278947,8/2/2022 15:33,trtdpd2 plot 2,47.764142,-107.745948,0,0,40.1,104.2,0.01,0.01,0,3.4,2.418,0.369,0.15
2022,8,2,trtpd2,3,HG278966,278947,8/2/2022 15:36,trtdpd2 plot 3,47.763982,-107.745743,0,0,39.6,103.3,0.01,0.01,0,3.4,2.606,0.512,0.2
2022,8,2,trtpd2,4,HG278966,278947,8/2/2022 15:36,trtdpd 2 plot 4,47.764513,-107.745786,0.037,3.7,40.1,104.2,0.03,0.03,4.63,3.4,3.909,1.1,0.28
2022,8,2,trtpd2,5,HG278966,278947,8/2/2022 15:37,trtdpd2 plot 5,47.764663,-107.746001,0.011,1.1,40.1,104.2,0.02,0.01,0,3.4,3.035,0.614,0.2
2022,8,4,bison2,1,HG278966,278947,8/4/2022 13:06,bison 2 plot 1,47.976705,-107.971886,0.009,0.9,34.9,94.9,0.01,0.01,0,3.4,2.963,0.308,0.1
2022,8,4,bison2,2,HG278966,278947,8/4/2022 13:06,bison 2 plot 2,47.97669,-107.972299,0.005,0.5,35.7,96.3,0.01,0.01,0,3.4,2.862,0.269,0.09
2022,8,4,bison2,3,HG278966,278947,8/4/2022 13:08,bison 2 plot 3,47.97712,-107.971792,0.012,1.2,36.5,97.7,0.01,0.01,0,3.4,3.072,0.348,0.11
2022,8,4,bison2,4,HG278966,278947,8/4/2022 13:09,bison 2 plot 4,47.977159,-107.97153,0,0,36.9,98.5,0.01,0.01,0,3.4,2.533,0.231,0.09
2022,8,4,bison2,5,HG278966,278947,8/4/2022 13:10,bison 2 plot 5,47.977243,-107.971964,0,0,37.4,99.3,0.02,0.02,0,3.4,2.564,0.7,0.27
2022,8,4,trtpd3,1,HG278966,278947,8/4/2022 14:03,pd treated 3 plot 1,47.734193,-107.779171,0.033,3.3,36.5,97.7,0.04,0.03,6.07,3.4,3.788,1.417,0.37
2022,8,4,trtpd3,2,HG278966,278947,8/4/2022 14:08,pd treated 3 plot 2,47.734195,-107.778731,0.017,1.7,40.1,104.2,0.03,0.03,0,3.4,3.244,1.252,0.39
2022,8,4,trtpd3,3,HG278966,278947,8/4/2022 14:17,pd treated 3 plot 3,47.734245,-107.778684,0.02,2,42.1,107.8,0.03,0.02,0,3.4,3.317,1.097,0.33
2022,8,4,trtpd3,4,HG278966,278947,8/4/2022 14:22,pd treated 3 plot 4,47.734591,-107.77897,0.065,6.5,43.8,110.8,0.07,0.06,2.9,3.4,5.026,2.586,0.51
2022,8,4,trtpd3,5,HG278966,278947,8/4/2022 14:26,pd untreated 3 plot 5,47.734706,-107.778729,0.043,4.3,44.3,111.8,0.05,0.04,4.15,3.4,4.157,1.74,0.42
2022,8,4,ungrazed1,1,HG278966,278947,8/4/2022 15:10,Ungrazed1 Plot 1,47.711598,-107.774286,0.105,10.5,46.1,115.1,0.11,0.08,1.86,3.4,6.784,3.886,0.57
2022,8,4,ungrazed1,2,HG278966,278947,8/4/2022 15:20,Ungrazed1 Plot 2,47.711533,-107.774304,0.076,7.6,51,123.8,0.06,0.05,1.88,3.4,5.483,2.323,0.42
2022,8,4,ungrazed1,3,HG278966,278947,8/4/2022 15:29,ungrazed1 plot 3,47.711469,-107.773859,0.012,1.2,51,123.8,0.01,0.01,0,3.4,3.084,0.349,0.11
2022,8,4,ungrazed1,4,HG278966,278947,8/4/2022 15:38,ungrazed 1 plot 4,47.711891,-107.774143,0.015,1.5,52.6,126.7,0.03,0.02,0,3.4,3.179,1.079,0.34
2022,8,4,ungrazed1,5,HG278966,278947,8/4/2022 15:48,ungrazed1 plot 5,47.71198,-107.774276,0.016,1.6,51.8,125.2,0.01,0.01,0,3.4,3.208,0.39,0.12
2022,8,5,cattle2,1,HG278966,278947,8/5/2022 9:47,cattle2 plot 1,47.910256,-108.054769,0.009,0.9,23.7,74.7,0.03,0.03,0,3.4,2.968,1.043,0.35
2022,8,5,cattle2,2,HG278966,278947,8/5/2022 9:56,cattle2 plot 2,47.910251,-108.054774,0,0,24.9,76.8,0.01,0.01,0,3.4,2.567,0.468,0.18
2022,8,5,cattle2,3,HG278966,278947,8/5/2022 10:04,cattle2 plot 3,47.910654,-108.054664,0.01,1,26.7,80,0.03,0.03,0,3.4,2.992,1.088,0.36
2022,8,5,cattle2,4,HG278966,278947,8/5/2022 10:15,cattle2 plot 4,47.910638,-108.054709,0.01,1,30.1,86.2,0.02,0.02,0,3.4,3.003,0.847,0.28
2022,8,5,cattle2,5,HG278966,278947,8/5/2022 10:24,cattle 2 plot 5,47.910774,-108.054885,0.005,0.5,30.1,86.2,0.04,0.04,0,3.4,2.844,1.354,0.48
2022,8,5,untrtpd3,1,HG278966,278947,8/5/2022 11:17,pd untreated 3 plot 1,47.870937,-108.232024,0.026,2.6,28.9,84,0.03,0.03,19.15,3.4,3.523,1.248,0.35
2022,8,5,untrtpd3,2,HG278966,278947,8/5/2022 11:22,pd untreated 3 plot 2,47.870956,-108.23193,0,0,29.8,85.6,0.01,0.01,0,3.4,2.044,0.311,0.15
2022,8,5,untrtpd3,3,HG278966,278947,8/5/2022 11:28,pd untreated 3 plot 3,47.870904,-108.231638,0.018,1.8,31.4,88.5,0.03,0.03,0,3.4,3.266,1.046,0.32
2022,8,5,untrtpd3,4,HG278966,278947,8/5/2022 11:33,pd untreated 3 plot 4,47.870573,-108.231661,0.053,5.3,32.1,89.7,0.05,0.05,3.46,3.4,4.534,1.885,0.42
2022,8,5,untrtpd3,5,HG278966,278947,8/5/2022 11:40,pd untreated 3 plot 5,47.871401,-108.232077,0,0,33.8,92.9,0.03,0.03,0,3.4,1.756,1.055,0.6
2022,8,5,untrtpd2,1,HG278966,278947,8/5/2022 12:42,pd untreated 2 plot 1,47.892712,-108.173734,0.049,4.9,31.1,87.9,0.05,0.04,3.26,3.4,4.363,1.634,0.37
2022,8,5,untrtpd2,2,HG278966,278947,8/5/2022 12:47,pd untreated 2 plot 2,47.892603,-108.173193,0.053,5.3,33.4,92.2,0.04,0.04,2.74,3.4,4.546,1.445,0.32
2022,8,5,untrtpd2,3,HG278966,278947,8/5/2022 12:53,pd untreated 2 plot 3,47.892576,-108.173339,0,0,34.2,93.5,0.02,0.01,0,3.4,2.506,0.574,0.23
2022,8,5,untrtpd2,4,HG278966,278947,8/5/2022 12:59,pd untreated 2 plot 4,47.893201,-108.173775,0,0,33.8,92.9,0.02,0.01,0,3.4,2.49,0.572,0.23
2022,8,5,untrtpd2,5,HG278966,278947,8/5/2022 13:08,pd untreated 2 plot 5,47.893218,-108.17372,0,0,34.2,93.5,0.01,0.01,0,3.4,2.298,0.429,0.19
2022,8,5,bison3,1,HG278966,278947,8/5/2022 13:40,bison3 plot 1,47.897359,-108.152566,0.057,5.7,30.4,86.8,0.05,0.05,3.08,3.4,4.674,1.862,0.4
2022,8,5,bison3,2,HG278966,278947,8/5/2022 13:46,bison 3 plot 2,47.897235,-108.152097,0.043,4.3,32.1,89.7,0.06,0.05,5.28,3.4,4.144,2.004,0.48
2022,8,5,bison3,3,HG278966,278947,8/5/2022 13:51,bison 3 plot 3,47.897282,-108.152148,0.009,0.9,32.1,89.7,0.04,0.03,0,3.4,2.96,1.291,0.44
2022,8,5,bison3,4,HG278966,278947,8/5/2022 13:58,bison 3 plot 4,47.897724,-108.152503,0.031,3.1,33.1,91.6,0.04,0.03,7.7,3.4,3.706,1.278,0.34
2022,8,5,bison3,5,HG278966,278947,8/5/2022 14:06,bison 3 plot 5,47.89803,-108.153432,0.011,1.1,34.2,93.5,0.06,0.05,0,3.4,3.044,2.089,0.69
2022,8,8,ungrazed2,1,HG278966,278947,8/8/2022 12:58,ungrazed 2 plot 1,47.698125,-107.669241,0.062,6.2,36.1,97,0.05,0.04,2.13,3.4,4.872,1.673,0.34
2022,8,8,ungrazed2,2,HG278966,278947,8/8/2022 13:09,ungrazed 2 plot 2,47.69811,-107.668868,0.075,7.5,43.8,110.8,0.08,0.07,2.69,3.4,5.44,2.957,0.54
2022,8,8,ungrazed2,3,HG278966,278947,8/8/2022 13:21,ungrazed 2 plot 3,47.698109,-107.668903,0.07,7,46.1,115.1,0.07,0.06,2.57,3.4,5.235,2.668,0.51
2022,8,8,ungrazed2,4,HG278966,278947,8/8/2022 13:25,ungrazed 2 plot 4,47.698422,-107.669043,0.099,9.9,45.5,113.9,0.08,0.06,1.52,3.4,6.507,2.794,0.43
2022,8,8,ungrazed2,5,HG278966,278947,8/8/2022 13:34,ungrazed2 plot 5,47.698564,-107.669283,0.081,8.1,47.4,117.4,0.08,0.06,2.07,3.4,5.671,2.798,0.49
2022,8,8,cattle1,1,HG278966,278947,8/8/2022 14:29,cattle 1 plot 1,47.754975,-107.579136,0.009,0.9,41.1,106,0.01,0.01,0,3.4,2.965,0.308,0.1
2022,8,8,cattle1,2,HG278966,278947,8/8/2022 14:35,cattle 1 plot 2,47.754949,-107.578907,0.005,0.5,42.6,108.8,0.01,0.01,0,3.4,2.856,0.351,0.12
2022,8,8,cattle1,3,HG278966,278947,8/8/2022 14:42,cattle 1 plot 3,47.755296,-107.578687,0.006,0.6,43.8,110.8,0.02,0.02,0,3.4,2.885,0.83,0.29
2022,8,8,cattle1,4,HG278966,278947,8/8/2022 14:51,cattle 1 plot 4,47.7553,-107.578867,0.016,1.6,44.9,112.9,0.01,0.01,0,3.4,3.2,0.389,0.12
2022,8,8,cattle1,5,HG278966,278947,8/8/2022 14:59,cattle 1 plot 5,47.755394,-107.579039,0.016,1.6,46.1,115.1,0.01,0.01,0,3.4,3.194,0.389,0.12
2022,8,9,bison1,1,HG278966,278947,8/9/2022 12:56,Bison 1 Plot 1,47.778319,-107.752987,0,0,34.2,93.5,0.02,0.02,0,3.4,2.466,0.764,0.31
2022,8,9,bison1,2,HG278966,278947,8/9/2022 13:01,Bison 1 Plot 2,47.778146,-107.752775,0,0,35.7,96.3,0.02,0.02,0,3.4,2.658,0.636,0.24
2022,8,9,bison1,3,HG278966,278947,8/9/2022 13:08,Bison 1 Plot 3,47.778578,-107.752787,0.016,1.6,37.4,99.3,0.01,0.01,0,3.4,3.19,0.388,0.12
2022,8,9,bison1,4,HG278966,278947,8/9/2022 13:13,Bison 1 Plot 4,47.778585,-107.752697,0,0,38.2,100.8,0.02,0.01,0,3.4,2.389,0.596,0.25
2022,8,9,bison1,5,HG278966,278947,8/9/2022 13:19,Bison1 Plot 5,47.778612,-107.752746,0,0,39.1,102.5,0.02,0.01,0,3.4,2.617,0.552,0.21
2022,8,9,trtpd1,1,HG278966,278947,8/9/2022 13:47,pd treated 1 plot 1,47.78151,-107.77923,0.049,4.9,39.6,103.3,0.03,0.03,2.4,3.4,4.382,1.167,0.27
2022,8,9,trtpd1,2,HG278966,278947,8/9/2022 13:54,pd treated 1 plot 2,47.781382,-107.778912,0.016,1.6,42.1,107.8,0.03,0.02,0,3.4,3.197,0.915,0.29
2022,8,9,trtpd1,3,HG278966,278947,8/9/2022 13:59,pd treated 1 plot 3,47.781381,-107.778935,0.058,5.8,41.1,106,0.05,0.04,2.33,3.4,4.745,1.925,0.41
2022,8,9,trtpd1,4,HG278966,278947,8/9/2022 14:03,pd treated 1 plot 4,47.781912,-107.778897,0.101,10.1,42.1,107.8,0.11,0.09,2.22,3.4,6.576,3.847,0.59
2022,8,9,trtpd1,5,HG278966,278947,8/9/2022 14:07,pd treated 1 plot 5,47.781944,-107.778893,0.04,4,41.6,106.9,0.03,0.02,2.48,3.4,4.032,1.075,0.27
2022,8,10,ungrazed3,1,HG278966,278947,8/10/2022 10:56,ungrazed 3 plot 1,48.392397,-107.681519,0,0,29.8,85.6,0.01,0.01,0,3.4,2.401,0.368,0.15
2022,8,10,ungrazed3,2,HG278966,278947,8/10/2022 11:02,ungrazed 3 plot 2,48.391828,-107.682075,0.002,0.2,33.1,91.6,0.01,0.01,0,3.4,2.747,0.31,0.11
2022,8,10,ungrazed3,3,HG278966,278947,8/10/2022 11:08,ungrazed 3 plot 3,48.391969,-107.681749,0,0,33.4,92.2,0.01,0,0,3.4,2.414,0.192,0.08
2022,8,10,ungrazed3,4,HG278966,278947,8/10/2022 11:17,ungrazed 3 plot 4,48.392249,-107.681706,0,0,33.4,92.2,0.01,0.01,0,3.4,2.355,0.212,0.09
2022,8,10,ungrazed3,5,HG278966,278947,8/10/2022 11:25,ungrazed 3 plot 5,48.392232,-107.681707,0,0,35.7,96.3,0.01,0.01,0,3.4,2.687,0.249,0.09
2022,9,1,cattle3,1,HG278966,278947,9/1/2022 9:58,cattle 3 plot 1,47.81145,-108.176,0,0,26.2,79.1,0.01,0.01,0,3.4,2.63,0.27,0.1
2022,9,1,cattle3,2,HG278966,278947,9/1/2022 10:04,cattle 3 plot 2,47.81155,-108.176,0.01,1,28.9,84,0.01,0.01,0,3.4,3.007,0.286,0.1
2022,9,1,cattle3,3,HG278966,278947,9/1/2022 10:10,cattle 3 plot 3,47.81167,-108.176,0.014,1.4,29.5,85.1,0.01,0.01,0,3.4,3.124,0.409,0.13
2022,9,1,cattle3,4,HG278966,278947,9/1/2022 10:17,cattle 3 plot 4,47.81173,-108.176,0,0,29.5,85.1,0.01,0.01,0,3.4,2.705,0.488,0.18
2022,9,1,cattle3,5,HG278966,278947,9/1/2022 10:23,cattle 3 plot 5,47.81193,-108.176,0,0,29.8,85.6,0.01,0.01,0,3.4,2.677,0.249,0.09
2022,9,1,bison3,1,HG278966,278947,9/1/2022 11:34,bison3 plot 1,47.89734,-108.152,0.135,13.5,31.4,88.5,0.17,0.16,2.58,3.4,8.277,6.169,0.75
2022,9,1,bison3,2,HG278966,278947,9/1/2022 11:42,bison 3 plot 2,47.89735,-108.152,0.134,13.4,31.4,88.5,0.21,0.2,3.22,3.4,8.27,7.66,0.93
2022,9,1,bison3,3,HG278966,278947,9/1/2022 11:49,bison 3 plot 3,47.8978,-108.153,0,0,33.1,91.6,0.01,0.01,0,3.4,2.594,0.51,0.2
2022,9,1,bison3,4,HG278966,278947,9/1/2022 12:03,bison 3 plot 4,47.89776,-108.153,0.12,12,36.1,97,0.14,0.12,2.28,3.4,7.526,5.179,0.69
2022,9,1,bison3,5,HG278966,278947,9/1/2022 12:04,bison 3 plot 5,47.89772,-108.152,0.15,15,36.5,97.7,0.23,0.2,2.75,3.4,9.103,8.16,0.9
2022,9,1,untrtpd2,1,HG278966,278947,9/1/2022 13:05,pd untreated 2 plot 1,47.8927,-108.174,0.068,6.8,39.1,102.5,0.06,0.05,2.24,3.4,5.149,2.079,0.4
2022,9,1,untrtpd2,2,HG278966,278947,9/1/2022 13:11,pd untreated 2 plot 2,47.89235,-108.174,0.046,4.6,40.1,104.2,0.04,0.03,2.7,3.4,4.271,1.449,0.34
2022,9,1,untrtpd2,3,HG278966,278947,9/1/2022 13:18,pd untreated 2 plot 3,47.89312,-108.174,0.011,1.1,41.1,106,0.02,0.02,0,3.4,3.027,0.851,0.28
2022,9,1,untrtpd2,4,HG278966,278947,9/1/2022 13:25,pd untreated 2 plot 4,47.89306,-108.174,0.011,1.1,41.1,106,0.02,0.02,0,3.4,3.027,0.851,0.28
2022,9,1,untrtpd2,5,HG278966,278947,9/1/2022 13:29,pd untreated 2 plot 5,47.89327,-108.174,0,0,41.1,106,0.01,0.01,0,3.4,2.432,0.41,0.17
2022,9,1,untrtpd3,1,HG278966,278947,9/1/2022 14:36,pd untreated 3 plot 1,47.87092,-108.232,0,0,38.7,101.6,0.01,0.01,0,3.4,2.598,0.511,0.2
2022,9,1,untrtpd3,2,HG278966,278947,9/1/2022 14:41,pd untreated 3 plot 2,47.87089,-108.232,0.029,2.9,40.1,104.2,0.03,0.02,6.25,3.4,3.651,0.938,0.26
2022,9,1,untrtpd3,3,HG278966,278947,9/1/2022 14:45,pd untreated 3 plot 3,47.87108,-108.232,0,0,41.1,106,0.02,0.02,0,3.4,2.567,0.701,0.27
2022,9,1,untrtpd3,4,HG278966,278947,9/1/2022 14:49,pd treated 3 plot 4,47.87109,-108.232,0.007,0.7,41.1,106,0.01,0.01,0,3.4,2.903,0.329,0.11
2022,9,1,untrtpd3,5,HG278966,278947,9/1/2022 14:52,pd untreated 3 plot 5,47.87139,-108.232,0.021,2.1,41.6,106.9,0.03,0.03,0,3.4,3.364,1.186,0.35
2022,9,2,cattle2,1,HG278966,278947,9/2/2022 9:32,cattle2 plot 1,47.9103,-108.055,0,0,22.1,71.9,0.02,0.02,0,3.4,2.366,0.592,0.25
2022,9,2,cattle2,2,HG278966,278947,9/2/2022 9:37,cattle2 plot 2,47.91021,-108.055,0.01,1,23.7,74.7,0.02,0.02,0,3.4,3,0.846,0.28
2022,9,2,cattle2,3,HG278966,278947,9/2/2022 9:44,cattle2 plot 3,47.91045,-108.055,0.082,8.2,24.9,76.8,0.12,0.12,4.03,3.4,5.739,4.275,0.74
2022,9,2,cattle2,4,HG278966,278947,9/2/2022 9:53,cattle2 plot 4,47.91064,-108.055,0.019,1.9,26.7,80,0.03,0.03,0,3.4,3.295,1.092,0.33
2022,9,2,cattle2,5,HG278966,278947,9/2/2022 10:00,cattle 2 plot 5,47.91084,-108.055,0.168,16.8,28.6,83.5,0.21,0.19,2.22,3.4,10.12,7.389,0.73
2022,9,2,bison2,1,HG278966,278947,9/2/2022 10:41,bison 2 plot 1,47.97672,-107.972,0,0,28.6,83.5,0,0,0,3.4,2.242,0.173,0.08
2022,9,2,bison2,2,HG278966,278947,9/2/2022 10:48,bison 2 plot 2,47.97671,-107.972,0.005,0.5,31.1,87.9,0.01,0.01,0,3.4,2.844,0.35,0.12
2022,9,2,bison2,3,HG278966,278947,9/2/2022 10:52,bison 2 plot 3,47.9765,-107.971,0,0,31.1,87.9,0.01,0.01,0,3.4,2.321,0.47,0.2
2022,9,2,bison2,4,HG278966,278947,9/2/2022 10:59,bison 2 plot 4,47.97708,-107.972,0,0,33.4,92.2,0.02,0.01,0,3.4,2.379,0.594,0.25
2022,9,2,bison2,5,HG278966,278947,9/2/2022 11:04,bison 2 plot 5,47.97666,-107.971,0.04,4,34.6,94.2,0.04,0.03,3.6,3.4,4.055,1.371,0.34
2022,9,2,untrtpd1,1,HG278966,278947,9/2/2022 11:49,untrtdpd1 plot 1,47.98225,-107.938,0,0,32.7,90.9,0.01,0,0,3.4,2.633,0.189,0.07
2022,9,2,untrtpd1,2,HG278966,278947,9/2/2022 11:54,untrtdpd1 plot 2,47.9823,-107.939,0,0,33.8,92.9,0.02,0.02,0,3.4,2.68,0.679,0.25
2022,9,2,untrtpd1,3,HG278966,278947,9/2/2022 11:59,untrtdpd1 plot 3,47.98229,-107.939,0,0,34.6,94.2,0.01,0.01,0,3.4,2.523,0.231,0.09
2022,9,2,untrtpd1,4,HG278966,278947,9/2/2022 12:02,untrtdpd1 plot 4,47.98271,-107.939,0.006,0.6,35.3,95.6,0.01,0.01,0,3.4,2.892,0.328,0.11
2022,9,2,untrtpd1,5,HG278966,278947,9/2/2022 12:06,untrtdpd1 plot 5,47.98263,-107.938,0,0,35.7,96.3,0.01,0.01,0,3.4,2.578,0.291,0.11
2022,9,2,ungrazed3,1,HG278966,278947,9/2/2022 14:27,ungrazed 3 plot 1,48.39183,-107.683,0.007,0.7,33.1,91.6,0.01,0.01,0,3.4,2.908,0.247,0.08
2022,9,2,ungrazed3,2,HG278966,278947,9/2/2022 14:33,ungrazed 3 plot 2,48.39187,-107.683,0.005,0.5,34.6,94.2,0.01,0.01,0,3.4,2.858,0.268,0.09
2022,9,2,ungrazed3,3,HG278966,278947,9/2/2022 14:40,ungrazed 3 plot 3,48.39196,-107.683,0,0,37.8,100,0.01,0.01,0,3.4,2.526,0.231,0.09
2022,9,2,ungrazed3,4,HG278966,278947,9/2/2022 14:48,ungrazed 3 plot 4,48.39228,-107.683,0,0,38.2,100.8,0.01,0.01,0,3.4,2.678,0.407,0.15
2022,9,2,ungrazed3,5,HG278966,278947,9/2/2022 14:53,ungrazed 3 plot 5,48.39235,-107.683,0,0,38.7,101.6,0,0,0,3.4,2.302,0.153,0.07
2022,9,3,ungrazed2,1,HG278966,278947,9/3/2022 9:33,ungrazed 2 plot 1,47.69805,-107.669,0,0,29.2,84.6,0.02,0.02,0,3.4,2.312,0.74,0.32
2022,9,3,ungrazed2,2,HG278966,278947,9/3/2022 9:38,ungrazed 2 plot 2,47.69807,-107.669,0.021,2.1,29.8,85.6,0.03,0.03,0,3.4,3.368,1.226,0.36
2022,9,3,ungrazed2,3,HG278966,278947,9/3/2022 9:50,ungrazed 2 plot 3,47.69812,-107.669,0.03,3,32.7,90.9,0.05,0.04,11.17,3.4,3.681,1.75,0.48
2022,9,3,ungrazed2,4,HG278966,278947,9/3/2022 9:53,ungrazed 2 plot 4,47.69833,-107.669,0.043,4.3,33.1,91.6,0.05,0.04,4.29,3.4,4.132,1.732,0.42
2022,9,3,ungrazed2,5,HG278966,278947,9/3/2022 10:03,ungrazed2 plot 5,47.69841,-107.669,0.02,2,35.7,96.3,0.04,0.03,0,3.4,3.322,1.39,0.42
2022,9,3,cattle1,1,HG278966,278947,9/3/2022 11:09,cattle 1 plot 1,47.75491,-107.579,0,0,32.7,90.9,0.01,0.01,0,3.4,2.701,0.488,0.18
2022,9,3,cattle1,2,HG278966,278947,9/3/2022 11:13,cattle 1 plot 2,47.75489,-107.579,0,0,34.2,93.5,0.01,0,0,3.4,2.411,0.191,0.08
2022,9,3,cattle1,3,HG278966,278947,9/3/2022 11:20,cattle 1 plot 3,47.75523,-107.58,0.001,0.1,36.1,97,0.01,0.01,0,3.4,2.736,0.31,0.11
2022,9,3,cattle1,4,HG278966,278947,9/3/2022 11:25,cattle 1 plot 4,47.75541,-107.579,0.003,0.3,36.9,98.5,0,0,0,3.4,2.802,0.125,0.04
2022,9,3,cattle1,5,HG278966,278947,9/3/2022 11:32,cattle 1 plot 5,47.75537,-107.579,0.042,4.2,38.7,101.6,0.03,0.03,3.39,3.4,4.094,1.168,0.29
2022,9,3,trtpd1,1,HG278966,278947,9/3/2022 12:42,pd treated 1 plot 1,47.78157,-107.779,0,0,36.1,97,0.02,0.02,0,3.4,2.399,0.636,0.27
2022,9,3,trtpd1,2,HG278966,278947,9/3/2022 12:46,pd treated 1 plot 2,47.78153,-107.779,0.073,7.3,37.4,99.3,0.06,0.05,2,3.4,5.364,2.161,0.4
2022,9,3,trtpd1,3,HG278966,278947,9/3/2022 12:49,pd treated 1 plot 3,47.78165,-107.779,0.072,7.2,38.7,101.6,0.06,0.05,2.07,3.4,5.296,2.058,0.39
2022,9,3,trtpd1,4,HG278966,278947,9/3/2022 12:52,pd treated 1 plot 4,47.78199,-107.779,0.017,1.7,39.6,103.3,0.03,0.02,0,3.4,3.237,0.962,0.3
2022,9,3,trtpd1,5,HG278966,278947,9/3/2022 12:55,pd treated 1 plot 5,47.78197,-107.779,0.024,2.4,40.1,104.2,0.03,0.02,23.43,3.4,3.467,1.078,0.31
2022,9,3,trtpd2,1,HG278966,278947,9/3/2022 13:54,Trtdpd2 plot 1,47.76425,-107.746,0,0,43.2,109.8,0.01,0.01,0,3.4,2.703,0.449,0.17
2022,9,3,trtpd2,2,HG278966,278947,9/3/2022 13:57,trtdpd2 plot 2,47.76423,-107.746,0.027,2.7,43.8,110.8,0.02,0.02,9.69,3.4,3.562,0.765,0.21
2022,9,3,trtpd2,3,HG278966,278947,9/3/2022 14:02,trtdpd2 plot 3,47.76434,-107.746,0,0,44.3,111.8,0.01,0.01,0,3.4,2.527,0.312,0.12
2022,9,3,trtpd2,4,HG278966,278947,9/3/2022 14:07,trtdpd 2 plot 4,47.76468,-107.746,0.016,1.6,44.9,112.9,0.01,0.01,0,3.4,3.191,0.472,0.15
2022,9,3,trtpd2,5,HG278966,278947,9/3/2022 14:11,trtdpd2 plot 5,47.76454,-107.746,0,0,45.5,113.9,0.02,0.01,0,3.4,2.529,0.617,0.24
2022,9,4,ungrazed1,1,HG278966,278947,9/4/2022 8:51,Ungrazed1 Plot 1,47.71151,-107.774,0.036,3.6,23.9,75.1,0.04,0.04,6.45,3.4,3.887,1.385,0.36
2022,9,4,ungrazed1,2,HG278966,278947,9/4/2022 9:00,Ungrazed1 Plot 2,47.71151,-107.774,0.049,4.9,26.2,79.1,0.05,0.05,4.09,3.4,4.36,1.856,0.43
2022,9,4,ungrazed1,3,HG278966,278947,9/4/2022 9:08,ungrazed1 plot 3,47.71182,-107.774,0.052,5.2,27.2,81,0.04,0.04,2.83,3.4,4.51,1.614,0.36
2022,9,4,ungrazed1,4,HG278966,278947,9/4/2022 9:15,ungrazed 1 plot 4,47.71184,-107.774,0.03,3,28.9,84,0.03,0.03,9.02,3.4,3.661,0.979,0.27
2022,9,4,ungrazed1,5,HG278966,278947,9/4/2022 9:20,ungrazed1 plot 5,47.71197,-107.774,0.04,4,29.2,84.6,0.04,0.04,4.91,3.4,4.04,1.585,0.39
2022,9,4,trtpd3,1,HG278966,278947,9/4/2022 10:03,pd treated 3 plot 1,47.73425,-107.779,0.021,2.1,33.4,92.2,0.03,0.02,0,3.4,3.35,0.936,0.28
2022,9,4,trtpd3,2,HG278966,278947,9/4/2022 10:09,pd treated 3 plot 2,47.73423,-107.779,0.004,0.4,33.8,92.9,0.02,0.02,0,3.4,2.812,0.698,0.25
2022,9,4,trtpd3,3,HG278966,278947,9/4/2022 10:15,pd treated 3 plot 3,47.73434,-107.779,0.039,3.9,33.4,92.2,0.04,0.03,3.97,3.4,3.993,1.277,0.32
2022,9,4,trtpd3,4,HG278966,278947,9/4/2022 10:19,pd treated 3 plot 4,47.7347,-107.779,0.049,4.9,33.8,92.9,0.04,0.03,2.46,3.4,4.357,1.374,0.32
2022,9,4,trtpd3,5,HG278966,278947,9/4/2022 10:22,pd treated 3 plot 5,47.73466,-107.779,0.046,4.6,34.2,93.5,0.03,0.03,2.73,3.4,4.262,1.233,0.29
2022,9,4,bison1,1,HG278966,278947,9/4/2022 11:08,Bison 1 Plot 1,47.77814,-107.753,0.002,0.2,33.4,92.2,0.02,0.02,0,3.4,2.764,0.85,0.31
2022,9,4,bison1,2,HG278966,278947,9/4/2022 11:15,Bison 1 Plot 2,47.77827,-107.753,0.016,1.6,34.2,93.5,0.03,0.02,0,3.4,3.196,0.915,0.29
2022,9,4,bison1,3,HG278966,278947,9/4/2022 11:22,Bison 1 Plot 3,47.7783,-107.753,0.007,0.7,35.7,96.3,0.01,0.01,0,3.4,2.908,0.247,0.08
2022,9,4,bison1,4,HG278966,278947,9/4/2022 11:28,Bison 1 Plot 4,47.77856,-107.753,0,0,36.5,97.7,0.01,0.01,0,3.4,2.33,0.471,0.2
2022,9,4,bison1,5,HG278966,278947,9/4/2022 11:33,Bison1 Plot 5,47.77867,-107.753,0,0,36.9,98.5,0.01,0.01,0,3.4,2.709,0.489,0.18
