day,mo,yr,time,time2,bison_1_tempC,bison_1_percRH,bison_2_tempC,bison_2_percRH,bison_3_tempC,bison_3_percRH,cattle_1_tempC,cattle_1_percRH,cattle_2_tempC,cattle_2_percRH,cattle_3_tempC,cattle_3_percRH,ungrazed_1_tempC,ungrazed_1_percRH,ungrazed_2_tempC,ungrazed_2_percRH,ungrazed_3_tempC,ungrazed_3_percRH,trtpd_1_tempC,trtpd_1_percRH,trtpd_2_tempC,trtpd_2_percRH,trtpd_3_tempC,trtpd_3_percRH,untrtpd_1_tempC,untrtpd_1_percRH,untrtpd_2_tempC,untrtpd_2_percRH,untrtpd_3_tempC,untrtpd_3_percRH
8,6,2022,17,5pm,17.393,67.082,NA,NA,NA,NA,NA,NA,NA,NA,NA,NA,NA,NA,NA,NA,NA,NA,NA,NA,17.179,68.84,NA,NA,NA,NA,NA,NA,NA,NA
8,6,2022,23,11pm,14.262,90.33,NA,NA,NA,NA,NA,NA,NA,NA,NA,NA,NA,NA,NA,NA,NA,NA,NA,NA,13.918,90.354,NA,NA,NA,NA,NA,NA,NA,NA
9,6,2022,5,5am,28.676,29.817,NA,NA,NA,NA,NA,NA,NA,NA,NA,NA,NA,NA,NA,NA,NA,NA,NA,NA,30.864,29.011,NA,NA,NA,NA,NA,NA,NA,NA
9,6,2022,11,11am,28.033,28.132,NA,NA,NA,NA,NA,NA,NA,NA,NA,NA,NA,NA,NA,NA,NA,NA,NA,NA,30.478,25.031,NA,NA,NA,NA,NA,NA,NA,NA
9,6,2022,17,5pm,14.262,69.402,NA,NA,NA,NA,NA,NA,NA,NA,NA,NA,11.516,88.327,NA,NA,NA,NA,NA,NA,14.433,65.421,NA,NA,NA,NA,NA,NA,NA,NA
9,6,2022,23,11pm,13.833,81.099,NA,NA,NA,NA,NA,NA,NA,NA,NA,NA,11.43,94.921,NA,NA,NA,NA,NA,NA,13.446,84.151,NA,NA,NA,NA,NA,NA,NA,NA
10,6,2022,5,5am,29.234,38.144,NA,NA,NA,NA,NA,NA,NA,NA,NA,NA,25.845,46.813,NA,NA,NA,NA,NA,NA,27.947,43.419,NA,NA,NA,NA,NA,NA,NA,NA
10,6,2022,11,11am,27.475,33.895,NA,NA,NA,NA,NA,NA,NA,NA,NA,NA,30.435,29.817,NA,NA,NA,NA,NA,NA,27.99,32.772,NA,NA,NA,NA,NA,NA,NA,NA
10,6,2022,17,5pm,14.433,73.797,NA,NA,NA,NA,NA,NA,14.905,61.978,NA,NA,16.45,69.182,NA,NA,NA,NA,NA,NA,15.892,67.131,NA,NA,12.674,85.031,NA,NA,NA,NA
10,6,2022,23,11pm,13.017,76.215,NA,NA,NA,NA,NA,NA,10.572,80.122,NA,NA,11.988,75.946,NA,NA,NA,NA,NA,NA,12.117,80.195,NA,NA,10.529,91.917,NA,NA,NA,NA
11,6,2022,5,5am,33.91,25.421,NA,NA,NA,NA,NA,NA,26.831,35.58,NA,NA,31.851,28.425,NA,NA,NA,NA,NA,NA,31.25,27.399,NA,NA,30.135,33.675,NA,NA,NA,NA
11,6,2022,11,11am,26.574,32.259,NA,NA,NA,NA,NA,NA,25.073,37.753,NA,NA,29.877,29.792,NA,NA,NA,NA,NA,NA,25.416,31.77,NA,NA,23.828,38.681,NA,NA,NA,NA
11,6,2022,17,5pm,16.192,54.799,NA,NA,NA,NA,NA,NA,16.535,52.65,NA,NA,15.42,58.95,NA,NA,NA,NA,NA,NA,16.964,51.77,NA,NA,14.047,68.62,NA,NA,NA,NA
11,6,2022,23,11pm,13.103,71.184,NA,NA,NA,NA,NA,NA,11.902,63.907,NA,NA,11.387,74.75,NA,NA,NA,NA,NA,NA,11.301,77.045,NA,NA,13.146,72.943,NA,NA,NA,NA
12,6,2022,5,5am,37.857,16.752,NA,NA,NA,NA,NA,NA,28.547,29.011,NA,NA,33.653,24.567,NA,NA,NA,NA,NA,NA,36.227,20.244,NA,NA,31.937,28.864,NA,NA,NA,NA
12,6,2022,11,11am,25.502,36.044,NA,NA,NA,NA,NA,NA,27.518,37.289,NA,NA,25.459,38.339,NA,NA,NA,NA,NA,NA,24.815,37.607,NA,NA,28.934,35.507,NA,NA,NA,NA
12,6,2022,17,5pm,16.75,80.024,NA,NA,NA,NA,NA,NA,10.486,94.799,NA,NA,16.964,75.531,NA,NA,NA,NA,NA,NA,16.407,82.662,NA,NA,11.473,97.534,NA,NA,NA,NA
12,6,2022,23,11pm,14.948,86.764,NA,NA,NA,NA,NA,NA,12.631,99.585,NA,NA,14.948,88.303,NA,NA,NA,NA,NA,NA,14.519,88.962,NA,NA,13.232,98.437,NA,NA,NA,NA
13,6,2022,5,5am,30.607,31.893,NA,NA,NA,NA,NA,NA,25.459,50.574,NA,NA,33.481,31.306,NA,NA,NA,NA,NA,NA,25.416,40.977,NA,NA,29.792,40.391,NA,NA,NA,NA
13,6,2022,11,11am,19.967,42.247,NA,NA,NA,NA,NA,NA,15.763,59.512,NA,NA,18.809,58.022,NA,NA,NA,NA,NA,NA,19.538,45.446,NA,NA,20.311,47.448,NA,NA,NA,NA
13,6,2022,17,5pm,12.202,51.477,11.516,54.652,NA,NA,10.701,67.057,11.087,52.991,NA,NA,10.443,72.65,13.747,55.995,NA,NA,11.044,64.005,13.575,47.131,NA,NA,11.259,57.094,NA,NA,NA,NA
13,6,2022,23,11pm,5.81,74.921,6.797,70.745,NA,NA,5.467,61.392,3.193,78.974,NA,NA,1.091,94.457,6.153,60.537,NA,NA,2.764,75.531,4.695,73.773,NA,NA,6.068,74.872,NA,NA,NA,NA
14,6,2022,5,5am,24.772,22.295,17.865,34.139,NA,NA,15.677,36.752,18.68,35.751,NA,NA,18.466,30.061,16.921,33.773,NA,NA,18.38,31.429,18.337,30.891,NA,NA,19.71,31.38,NA,NA,NA,NA
14,6,2022,11,11am,13.618,49.963,11.688,57.118,NA,NA,15.12,39.878,11.473,60.073,NA,NA,17.951,35.067,15.978,42.369,NA,NA,16.964,37.68,12.588,53.822,NA,NA,11.816,58.266,NA,NA,8.685,85.372
14,6,2022,17,5pm,7.612,94.628,9.156,72.576,7.269,91.282,8.985,68.132,8.727,70.867,NA,NA,10.958,56.703,9.929,58.266,NA,NA,10.958,56.654,7.44,94.505,NA,NA,8.813,74.481,7.355,92.332,7.526,91.38
14,6,2022,23,11pm,11.387,63.712,10.572,69.206,9.929,71.258,9.929,65.47,8.813,78.095,NA,NA,11.044,61.954,10.1,63.37,NA,NA,9.543,79.145,11.387,61.905,NA,NA,10.358,72.015,9.843,73.748,9.671,76.679
15,6,2022,5,5am,16.535,59.267,11.301,95.36,11.859,93.407,11.259,84.42,10.486,96.606,NA,NA,16.106,55.433,13.189,65.69,NA,NA,14.219,69.866,15.034,65.079,NA,NA,11.516,98.803,11.516,97.753,11.516,99.536
15,6,2022,11,11am,17.779,60.269,16.75,64.444,19.324,52.674,15.549,67.375,15.72,68.181,NA,NA,17.093,62.93,16.063,68.254,NA,NA,16.492,65.714,17.007,62.784,NA,NA,16.836,66.154,17.608,62.222,19.624,55.36
15,6,2022,17,5pm,12.503,72.723,12.546,75.946,12.288,72.063,12.631,69.328,12.803,68.645,NA,NA,12.46,68.816,12.717,66.691,NA,NA,14.133,63.15,13.146,69.524,NA,NA,12.031,79.609,12.331,74.164,12.717,70.208
15,6,2022,23,11pm,11.259,82.808,11.859,85.47,10.83,83.59,7.655,93.089,11.859,79.219,NA,NA,8.513,91.551,9.028,86.886,NA,NA,8.985,87.497,10.272,86.398,NA,NA,11.43,88.278,10.057,89.451,10.443,87.399
16,6,2022,5,5am,29.749,27.473,33.695,28.767,33.91,23.761,23.914,40.781,26.016,34.652,NA,NA,32.966,25.324,36.999,21.514,NA,NA,33.481,23.101,37.599,20.537,NA,NA,32.323,34.261,28.633,36.825,35.969,20.635
16,6,2022,11,11am,32.065,22.051,28.419,34.017,28.976,26.3,33.61,20.293,41.847,15.238,NA,NA,30.778,28.23,32.408,24.615,NA,NA,31.722,20.684,35.883,19.267,NA,NA,32.022,25.934,31.636,25.47,28.161,29.06
16,6,2022,17,5pm,10.186,81.172,10.401,83.81,13.618,72.845,16.192,62.393,12.631,75.849,NA,NA,17.222,58.95,13.489,71.6,NA,NA,15.034,62.149,17.179,58.803,14.262,68.107,9.929,92.43,14.219,71.038,12.674,79.17
16,6,2022,23,11pm,17.05,67.595,11.73,100,8.899,99.731,16.364,66.398,9.328,100,NA,NA,17.393,63.81,16.364,65.47,NA,NA,13.361,77.143,16.192,69.573,12.932,80.44,11.816,97.363,10.486,91.355,15.763,73.358
17,6,2022,5,5am,38.286,21.832,35.883,28.571,36.613,27.155,30.092,34.75,33.181,30.305,NA,NA,34.296,28.987,36.012,26.007,NA,NA,33.524,27.228,38.929,20.977,33.996,29.719,34.124,28.278,34.21,30.183,35.583,25.568
17,6,2022,11,11am,41.117,15.189,37.428,22.735,35.068,24.908,32.966,23.883,46.265,16.288,NA,NA,33.867,26.593,31.937,28.816,NA,NA,33.653,24.664,44.635,13.651,33.438,28.425,40.088,18.364,37.085,22.637,35.54,23.053
17,6,2022,17,5pm,27.947,42.589,25.03,56.361,24.858,53.7,28.891,39.731,25.373,57.167,27.303,50.916,28.247,46.447,26.831,47.619,26.059,65.763,28.762,46.716,27.475,44.274,27.904,48.205,25.03,56.459,23.228,60.464,24.386,59.341
17,6,2022,23,11pm,21.598,61.148,16.063,79.56,18.509,59.805,20.997,61.954,18.766,56.532,19.109,50.549,18.809,71.184,19.195,67.399,16.321,100,15.72,75.8,18.852,72.308,15.463,80.073,17.822,74.945,19.281,59.853,21.211,54.286
18,6,2022,5,5am,30.435,40.757,35.369,33.309,39.101,29.963,28.676,45.25,28.247,45.958,30.95,40.122,35.025,30.379,35.454,29.255,29.148,45.885,32.709,35.946,31.508,39.756,33.653,35.189,35.841,32.576,33.524,42.295,41.031,26.227
18,6,2022,11,11am,35.969,24.737,37.642,25.446,32.494,34.701,38.286,23.15,38.157,23.639,34.339,30.037,35.583,28.742,42.061,22.759,37.428,26.764,35.626,26.252,40.302,19.658,36.355,27.253,40.131,22.051,37.385,27.668,33.996,31.722
18,6,2022,17,5pm,16.793,99.17,16.921,99.805,16.192,100,21.769,65.201,16.664,98.755,16.793,97.753,18.337,93.089,21.211,69.768,21.726,72.869,21.941,66.471,16.621,100,18.08,95.653,16.921,100,16.707,99.731,16.75,99.853
18,6,2022,23,11pm,16.664,100,16.149,100,15.806,100,16.106,98.608,15.763,100,16.063,100,17.093,100,16.106,100,16.492,100,16.621,100,16.492,100,16.964,100,16.192,100,16.192,100,16.106,100
19,6,2022,5,5am,19.796,92.161,18.981,100,18.552,100,16.364,100,16.492,100,17.779,95.726,17.779,100,16.879,100,17.608,100,17.136,97.827,19.238,98.926,17.737,98.364,19.624,94.115,18.208,100,17.822,100
19,6,2022,11,11am,15.849,100,15.592,100,16.106,100,15.849,99.585,14.905,100,14.562,100,18.981,97.241,16.492,100,16.707,95.116,17.522,96.63,16.063,100,18.123,100,15.592,100,15.806,100,15.592,100
19,6,2022,17,5pm,14.819,100,13.79,100,13.017,100,14.219,100,13.661,100,13.876,100,14.605,100,14.39,100,14.862,99.634,15.248,100,14.562,100,15.205,100,13.446,100,14.347,100,13.833,100
19,6,2022,23,11pm,11.816,100,11.387,100,11.344,100,11.816,100,10.83,100,11.859,100,12.031,100,11.688,100,11.173,100,12.031,100,11.773,100,12.245,100,11.945,100,11.645,100,11.473,100
20,6,2022,5,5am,31.894,38.974,25.115,53.944,29.877,37.729,22.627,59.683,24.043,54.945,24.129,50.891,30.178,51.624,30.306,53.919,27.046,42.271,29.148,42.051,28.547,40.684,26.402,54.847,27.861,49.524,23.185,62.808,27.947,37.973
20,6,2022,11,11am,27.003,40.977,23.657,42.125,22.327,41.001,22.327,46.935,28.161,30.305,23.957,38.437,25.673,42.149,27.604,36.166,25.845,39.487,24.472,45.763,26.445,37.973,25.63,41.148,29.448,29.988,24.3,45.299,22.498,40.024
20,6,2022,17,5pm,12.117,82.125,10.572,88.034,10.443,87.863,11.559,78.046,11.387,79.805,11.173,80.952,11.559,79.121,11.173,78.168,12.889,77.143,12.288,77.534,12.288,79.048,12.46,76.484,10.358,90.061,10.83,87.839,10.872,86.886
20,6,2022,23,11pm,12.503,100,12.717,93.944,12.546,91.404,11.559,99.951,11.688,99.194,11.173,98.803,11.988,100,11.559,99.707,13.532,86.52,12.245,99.951,12.159,100,12.46,100,12.245,100,12.074,99.805,12.631,92.357
21,6,2022,5,5am,21.812,54.628,27.604,37.875,24.386,39.731,17.822,72.869,20.525,58.877,19.453,60.024,18.509,66.569,26.102,45.592,22.413,55.922,19.581,66.178,22.327,55.702,17.737,73.455,28.976,44.396,21.64,49.695,25.115,38.608
21,6,2022,11,11am,28.462,40.171,29.062,32.063,30.607,31.722,27.904,31.746,29.491,31.111,28.29,32.479,25.587,43.419,33.695,29.817,27.818,29.109,26.96,36.703,31.894,29.475,26.66,36.899,34.854,28.791,30.821,31.209,27.218,36.044
21,6,2022,17,5pm,14.004,84.42,11.473,94.139,9.328,98.071,15.334,69.206,12.975,87.912,14.991,72.503,13.961,79.145,14.648,71.087,14.09,79.267,12.889,95.946,13.232,86.325,14.047,86.52,12.288,89.353,11.344,99.145,10.1,99.145
21,6,2022,23,11pm,13.189,81.636,12.932,80.733,12.374,82.418,12.588,70.037,10.229,88.791,11.516,80.098,8.513,99.829,12.46,72.039,10.615,89.695,9.886,96.264,11.344,89.744,9.886,95.092,13.575,77.021,15.248,73.822,16.106,63.81
22,6,2022,5,5am,36.184,29.597,30.821,24.664,34.339,21.612,31.079,30.672,27.175,32.186,28.848,27.546,35.154,28.181,36.098,21.245,31.937,27.204,34.811,21.441,34.94,23.663,31.55,33.138,31.465,24.957,29.234,30.501,34.425,18.852
22,6,2022,11,11am,32.709,23.541,34.768,22.369,33.181,22.222,34.253,22.662,36.956,18.803,33.695,20.464,33.781,24.835,35.326,19.267,32.58,23.761,33.395,20.757,40.131,18.706,34.468,21.612,40.388,21.074,34.682,27.57,33.653,19.341
22,6,2022,17,5pm,13.06,93.626,16.707,72.357,14.605,87.179,20.225,45.836,14.734,81.221,18.037,56.435,12.889,92.796,16.793,56.313,16.063,74.75,15.377,87.155,14.948,75.336,13.833,96.337,12.417,100,16.621,82.564,15.034,89.67
22,6,2022,23,11pm,13.404,89.963,9.929,100,13.232,88.913,12.503,81.416,10.443,91.233,15.291,58.339,11.387,99.121,12.846,80.83,9.199,100,10.272,98.95,12.031,94.09,10.315,99.878,9.886,100,13.232,92.527,16.578,71.917
23,6,2022,5,5am,37.728,22.564,40.259,18.755,38.929,18.242,35.755,22.173,31.679,31.111,33.481,21.074,36.913,33.773,39.187,21.294,34.639,27.643,35.755,25.641,42.276,18.462,40.088,26.789,52.443,18.535,33.61,31.575,38.844,16.972
23,6,2022,11,11am,21.469,97.411,39.401,21.27,30.735,45.275,26.488,54.09,37.299,23.98,29.191,45.324,26.102,56.215,31.593,36.068,34.639,25.617,25.373,56.459,23.957,68.278,25.587,65.641,42.361,20.391,27.689,69.573,27.561,49.353
23,6,2022,17,5pm,14.519,100,14.648,100,13.661,95.824,16.621,85.885,14.691,93.846,16.793,63.663,16.063,98.779,16.407,83.199,17.908,68.01,18.723,71.6,14.691,98.901,17.694,87.277,15.248,100,15.592,99.976,15.334,95.849
23,6,2022,23,11pm,11.859,98.046,9.929,98.388,11.216,72.552,11.73,88.767,11.216,86.545,13.017,54.237,11.902,100,11.559,96.874,9.457,77.192,12.588,87.35,12.031,95.043,12.46,90.403,10.83,100,11.73,74.799,11.988,64.811
24,6,2022,5,5am,21.512,44.249,29.234,26.105,25.33,28.84,20.997,45.739,20.525,39.194,22.198,32.015,20.654,56.41,23.056,48.913,22.541,40.244,20.568,55.458,21.34,48.303,19.066,60.757,31.937,41.856,23.185,43.004,22.67,31.526
24,6,2022,11,11am,19.066,42.247,24.172,26.642,19.109,36.63,28.247,28.352,20.096,35.36,19.41,35.653,25.459,39.878,29.277,27.79,22.799,28.059,23.013,37.949,18.68,44.444,28.161,30.305,26.317,28.864,19.924,37.753,19.152,37.216
24,6,2022,17,5pm,10.615,76.801,10.872,74.799,10.143,73.309,10.186,78.315,10.143,78.486,11.301,63.565,11.001,76.337,10.272,75.726,12.932,61.294,11.602,72.625,10.872,75.433,11.173,77.265,10.443,80.928,11.13,69.206,11.087,66.252
24,6,2022,23,11pm,10.787,76.361,9.671,76.386,11.087,65.421,7.998,83.98,8.985,75.214,7.312,80.44,7.44,91.38,7.398,85.348,8.813,80.928,8.513,80.293,8.813,82.784,7.955,87.155,8.556,85.617,10.401,70.769,12.546,59.365
25,6,2022,5,5am,20.654,41.001,24.729,29.084,27.775,27.082,20.611,39.17,20.225,40.562,21.984,32.405,22.67,37.534,28.762,26.52,21.598,34.457,24.558,32.625,23.957,36.801,21.855,39.389,36.098,20.879,24.429,36.288,25.287,25.836
25,6,2022,11,11am,22.927,30.94,26.831,21.27,23.743,29.939,25.33,25.983,26.445,25.714,23.528,29.548,23.056,36.532,28.118,24.982,25.416,23.297,22.541,31.868,25.544,28.132,24.343,33.407,29.963,20.342,25.973,26.3,23.271,28.425
25,6,2022,17,5pm,6.668,100,4.609,98.828,4.866,97.143,9.543,75.653,7.698,86.422,12.717,51.99,11.13,74.09,7.226,84.005,6.282,82.344,9.5,81.123,8.041,91.184,10.272,80.928,3.537,100,8.813,76.996,8.642,71.575
25,6,2022,23,11pm,7.912,94.432,2.035,100,7.269,89.792,7.097,92.186,4.781,94.335,8.985,65.495,5.038,100,5.767,99.341,2.378,100,4.652,100,7.269,96.068,4.437,100,1.477,100,7.44,85.788,9.414,76.142
26,6,2022,5,5am,31.207,23.053,32.752,15.189,32.366,20.366,29.706,25.812,28.247,31.404,27.99,22.002,33.567,26.496,34.425,18.315,31.465,20.073,33.095,20.488,34.982,19.145,29.577,23.687,42.533,14.066,31.894,24.151,39.573,14.164
26,6,2022,11,11am,29.663,20.513,34.296,13.748,29.148,20.366,31.379,24.347,40.817,14.481,32.366,13.895,29.534,23.419,33.438,16.581,31.465,18.486,30.006,19.805,35.669,18.266,29.62,23.81,39.702,11.966,31.207,19.316,32.494,16.337
26,6,2022,17,5pm,12.503,63.834,10.915,58.559,7.698,81.905,15.163,45.324,9.071,74.188,14.819,38.608,9.414,79.072,12.76,55.824,6.797,87.937,13.876,55.336,11.73,64.42,10.272,83.443,4.909,86.545,11.173,67.888,9.5,67.082
26,6,2022,23,11pm,9.114,100,4.909,100,7.955,91.917,13.146,57.729,10.529,66.618,9.585,62.418,4.051,100,11.859,62.222,3.794,99.438,6.153,94.603,10.186,79.609,5.939,100,5.21,97.631,9.671,78.291,11.516,71.306
27,6,2022,5,5am,31.593,24.811,38.629,15.409,37.771,19.243,34.94,20.733,27.089,30.061,31.979,19.609,31.422,29.597,40.517,15.873,32.366,22.076,32.795,25.128,37.428,17.485,33.309,25.226,51.242,11.209,35.068,23.248,38.929,15.726
27,6,2022,11,11am,30.907,21.538,38.586,10.208,33.266,13.944,36.956,15.726,40.731,10.183,35.54,11.795,31.765,24.567,40.946,12.796,34.639,15.092,33.095,17.558,39.315,15.604,32.88,19.805,43.091,9.695,35.841,17.46,34.082,19.267
27,6,2022,17,5pm,10.401,89.133,11.73,61.856,13.747,54.799,19.066,38.779,11.216,66.984,18.166,35.629,11.902,74.823,15.291,46.545,10.443,62.173,14.819,61.099,14.133,59.072,14.004,68.962,7.998,68.303,14.476,54.896,12.288,63.639
27,6,2022,23,11pm,11.001,99.414,12.031,66.618,11.773,79.365,16.836,45.324,12.803,57.167,12.546,55.653,6.497,100,16.063,45.934,8.127,100,7.869,90.696,11.301,82.051,7.869,97.509,8.77,78.291,12.202,71.722,15.034,61.734
28,6,2022,5,5am,34.982,26.154,34.553,22.906,33.009,25.397,30.006,30.769,28.29,32.821,29.749,27.448,31.25,35.165,36.398,21.832,31.465,25.201,30.607,30.33,35.068,24.054,32.194,29.988,42.19,15.092,36.57,24.2,35.197,21.954
28,6,2022,11,11am,30.306,36.215,31.979,28.767,33.224,27.35,33.395,31.648,37.557,19.438,33.61,24.982,32.623,30.476,34.21,28.303,33.052,23.443,32.837,29.231,31.808,31.648,34.21,31.99,32.065,28.156,35.54,26.545,35.111,25.446
28,6,2022,17,5pm,20.782,57.851,21.726,50.647,19.581,61.587,20.096,60.464,20.139,58.388,20.482,62.125,20.268,62.295,20.311,55.165,20.911,62.564,20.611,57.241,20.697,57.924,20.182,64.493,21.512,53.04,20.568,59.536,19.753,64.957
28,6,2022,23,11pm,15.935,91.697,14.219,90.672,15.677,87.546,15.163,76.606,13.146,91.893,16.75,73.284,13.06,91.941,14.262,79.023,10.958,98.486,14.347,83.565,15.677,84.689,13.833,88.498,13.876,89.133,16.578,76.777,19.238,71.429
29,6,2022,5,5am,27.389,38.999,39.616,14.286,28.848,23.394,25.287,32.112,27.732,46.447,28.676,25.519,33.824,23.907,32.537,28.523,24.214,34.212,31.379,30.549,27.99,32.674,35.411,25.031,38.2,14.676,31.851,28.84,36.913,16.02
29,6,2022,11,11am,29.191,19.536,33.095,14.652,30.135,19.316,33.052,14.628,33.309,12.845,30.006,14.872,32.623,16.215,33.996,11.893,31.679,14.579,31.722,14.652,29.92,15.702,32.623,17.949,33.052,14.432,32.709,17.387,31.079,18.73
29,6,2022,17,5pm,12.503,56.899,9.114,65.592,7.912,76.239,18.337,35.678,14.133,45.47,17.865,35.165,14.305,49.255,16.407,38.095,13.876,49.182,15.72,41.563,13.661,50.525,13.961,51.355,8.256,64.615,14.347,46.716,13.747,49.182
29,6,2022,23,11pm,13.06,62.149,10.572,69.255,11.602,67.277,10.915,66.813,9.242,69.573,11.473,56.923,8.813,77.021,12.117,57.265,7.655,89.963,13.618,53.358,12.202,63.956,10.014,72.234,10.83,67.473,12.202,61.978,11.945,64.982
30,6,2022,5,5am,26.36,31.819,34.596,21.197,33.224,23.028,29.105,31.184,24.3,34.383,28.547,28.107,28.118,35.604,35.24,21.587,29.834,26.935,29.663,27.424,31.894,25.934,30.564,28.718,31.722,22.637,33.052,26.154,33.181,21.856
30,6,2022,11,11am,24.3,34.774,29.534,22.93,27.99,28.645,32.494,23.394,32.795,20.415,28.505,25.763,27.303,29.328,26.016,26.203,28.762,25.568,26.96,27.814,26.145,30.037,27.561,30.525,31.25,21.148,30.221,24.518,27.99,29.915
30,6,2022,17,5pm,7.869,96.215,5.424,82.295,8.384,91.282,13.446,59.585,7.869,80.073,14.905,54.212,8.256,88.352,12.674,58.877,11.773,68.938,11.216,65.495,10.229,75.311,10.872,79.805,6.282,84.737,11.645,68.352,9.242,81.441
30,6,2022,23,11pm,8.856,90.794,7.827,96.117,10.915,81.099,11.087,81.905,6.368,91.502,11.645,66.3,5.081,100,9.414,82.198,4.18,97.802,6.754,85.519,8.084,89.597,5.724,97.143,7.998,89.792,10.787,77.802,11.902,75.849
1,7,2022,5,5am,37.557,17.509,39.23,13.919,40.045,15.311,38.758,18.828,33.953,21.074,31.979,21.661,35.068,28.23,38.758,16.093,33.266,19.976,33.996,19.951,38.586,15.653,36.398,28.01,37.685,15.556,38.372,19.853,41.46,15.189
1,7,2022,11,11am,31.25,26.496,34.982,17.485,32.666,22.833,30.993,26.154,27.689,28.498,30.092,20.708,36.012,20.342,34.596,19.023,31.465,17.802,34.425,16.996,33.052,21.172,36.227,22.051,34.167,18.168,35.068,20.928,30.821,22.906
1,7,2022,17,5pm,11.13,79.365,14.648,62.002,15.549,55.873,15.849,56.581,12.245,72.454,19.109,44.2,13.79,67.179,18.637,43.81,12.975,71.258,18.166,48.987,14.09,63.834,17.308,56.923,11.602,73.7,17.994,47.399,14.948,60.293
1,7,2022,23,11pm,11.301,87.546,10.1,85.543,11.988,86.178,13.876,69.719,9.328,91.429,14.305,61.343,8.256,95.8,13.017,73.407,8.727,100,9.628,79.829,12.331,78.51,9.714,85.958,11.087,77.778,13.446,69.646,15.034,66.764
2,7,2022,5,5am,32.666,29.426,37.471,21.27,38.372,21.636,37.557,22.173,29.062,30.159,31.25,28.645,33.695,32.234,41.889,17.851,33.095,25.861,34.253,23.443,40.989,18.437,35.411,27.155,37.299,21.368,39.83,21.685,36.784,23.541
2,7,2022,11,11am,34.982,21.416,39.53,16.044,34.382,21.245,38.844,19.878,42.533,13.309,35.841,18.95,36.012,25.665,39.83,16.093,36.57,18.779,35.24,21.538,38.929,16.508,37.17,22.686,38.157,17.363,41.246,15.922,35.626,21.026
2,7,2022,17,5pm,19.495,63.98,16.278,74.042,13.532,85.446,20.096,58.974,15.12,79.096,19.796,57.778,19.109,63.199,19.967,58.632,19.066,60.464,19.967,59.096,19.367,62.979,18.123,68.425,17.265,69.841,18.895,59.389,17.651,68.4
2,7,2022,23,11pm,17.35,82.393,15.978,92.698,16.364,81.832,14.004,99.756,13.575,100,15.12,86.129,14.562,100,14.347,91.795,15.592,84.664,15.592,85.788,16.964,83.834,15.205,99.194,15.935,93.529,17.737,73.016,16.492,83.98
3,7,2022,5,5am,26.917,55.287,21.984,65.592,17.308,97.9,18.981,91.453,17.222,96.02,16.407,93.7,19.538,99.292,23.442,63.761,30.564,36.63,17.694,97.46,26.016,67.082,20.482,87.228,21.769,67.546,18.08,98.999,18.723,95.433
3,7,2022,11,11am,20.396,97.582,22.927,81.954,21.855,86.569,16.879,99.048,21.469,92.869,20.782,87.399,18.766,99.487,17.222,98.901,22.112,69.621,18.766,99.389,20.825,94.237,19.238,98.584,23.657,76.337,21.898,88.645,20.911,91.331
3,7,2022,17,5pm,16.192,99.976,17.308,94.09,17.393,94.725,15.377,100,18.251,91.77,17.393,90.354,18.68,90.476,16.879,100,17.479,91.429,18.852,87.814,16.492,97.851,18.938,88.694,17.136,95.238,18.08,96.313,17.565,95.629
3,7,2022,23,11pm,15.806,100,15.163,100,15.12,100,13.961,100,13.79,100,15.034,100,14.09,100,13.275,100,16.149,100,13.918,100,15.677,100,14.219,100,15.334,100,15.291,100,14.862,100
4,7,2022,5,5am,27.818,54.457,29.105,54.212,33.438,40.244,26.874,80.147,21.126,82.686,25.716,66.252,29.491,64.835,28.976,87.668,24.129,62.002,27.947,58.388,34.811,37.582,27.218,60.366,24.644,62.32,27.561,64.86,27.604,58.657
4,7,2022,11,11am,30.135,36.947,33.653,29.573,30.478,36.703,35.626,33.089,34.253,29.231,33.052,31.99,30.607,45.446,37.042,29.89,30.478,34.896,32.323,31.917,27.99,43.736,32.709,39.902,37.557,24.811,34.768,33.065,29.792,41.563
4,7,2022,17,5pm,17.608,100,16.407,100,16.321,100,16.964,100,16.235,100,16.621,98.95,17.522,100,16.921,100,16.106,97.705,17.565,100,17.393,100,17.694,100,16.407,100,17.007,99.389,16.664,100
4,7,2022,23,11pm,16.664,100,16.021,100,15.549,100,14.948,100,15.634,100,15.291,100,16.492,100,14.047,100,13.318,100,16.664,100,16.664,100,16.578,100,16.106,100,16.192,100,15.42,100
5,7,2022,5,5am,29.92,55.263,35.626,36.581,27.947,49.621,23.743,93.455,30.521,53.529,23.7,66.227,21.34,100,21.083,92.869,34.167,32.869,27.604,60.708,35.454,43.028,21.512,82.247,33.824,36.972,29.105,57.363,26.746,55.873
5,7,2022,11,11am,21.984,89.817,26.317,72.821,24.043,82.125,19.109,98.095,17.565,98.755,18.337,96.386,19.281,99.389,18.208,95.971,18.852,98.559,20.225,96.654,24.686,86.593,19.281,97.949,27.775,77.363,27.089,72.698,25.759,76.801
5,7,2022,17,5pm,13.833,100,14.948,100,13.232,100,15.72,94.725,12.932,100,15.377,98.315,16.149,98.803,13.704,100,12.846,98.242,15.592,100,14.776,100,15.549,99.512,14.176,100,14.605,100,14.605,100
5,7,2022,23,11pm,14.605,100,14.09,100,14.776,100,14.519,99.683,11.516,100,14.262,100,12.76,100,14.262,100,10.701,100,13.06,100,14.691,100,12.889,100,13.446,100,14.776,100,14.39,100
6,7,2022,5,5am,35.583,45.983,39.659,28.107,38.543,29.841,38.243,35.336,29.363,50.403,33.352,42.589,32.752,57.46,38.758,35.14,36.012,32.381,33.266,46.276,39.573,36.63,38.972,40.928,38.2,32.381,39.702,37.485,39.53,31.062
6,7,2022,11,11am,28.547,53.333,21.254,64.591,22.67,63.346,26.617,59.609,31.765,40.952,29.405,49.304,23.614,92.918,26.402,58.413,17.179,95.751,29.363,52.21,28.333,55.58,24.729,90.598,21.469,63.639,24.601,60.049,23.399,64.591
6,7,2022,17,5pm,17.479,100,16.964,100,16.921,100,16.964,100,16.621,100,16.836,100,17.436,100,16.836,100,16.836,100,17.737,100,17.222,100,17.694,100,17.007,100,17.436,100,17.093,100
6,7,2022,23,11pm,15.634,100,12.674,100,13.704,100,13.489,100,14.347,100,15.248,100,14.39,100,13.489,100,14.262,100,14.09,100,15.334,100,14.133,100,13.275,100,15.12,98.95,16.106,100
7,7,2022,5,5am,32.795,45.836,34.21,38.657,33.352,37.363,31.722,45.836,29.963,53.455,26.703,61.123,29.749,57.338,34.897,37.094,32.108,41.099,28.505,56.484,33.052,44.762,32.065,48.62,33.567,40.269,30.435,72.405,32.709,40.83
7,7,2022,11,11am,31.55,44.762,34.253,35.287,30.564,41.294,31.121,46.227,41.332,27.033,30.735,43.004,30.349,51.819,33.181,39.78,33.266,32.43,30.564,48.767,35.24,36.899,30.993,54.017,34.082,36.85,31.808,45.812,30.778,46.52
7,7,2022,17,5pm,17.007,98.193,16.021,97.607,15.763,100,19.281,97.387,16.192,97.705,17.651,89.133,20.911,81.954,19.624,89.939,22.112,77.949,20.825,74.847,16.664,96.874,19.238,93.162,16.321,93.675,16.535,100,16.192,100
7,7,2022,23,11pm,15.849,100,14.476,100,15.549,98.266,14.948,100,15.72,97.973,16.063,91.77,15.42,100,14.734,100,15.935,88.767,15.935,98.291,15.72,100,16.235,100,14.948,100,16.149,100,16.021,97.045
8,7,2022,5,5am,36.699,42.149,36.355,39.78,42.233,27.863,33.352,51.477,32.28,54.799,32.666,45.006,36.87,48.303,38.543,43.956,37.685,32.405,39.187,33.651,37.428,36.215,35.926,48.425,39.916,34.408,36.441,71.282,38.972,32.381
8,7,2022,11,11am,36.312,38.632,38.028,32.479,33.695,36.557,34.468,44.664,45.15,26.203,35.326,39.609,34.425,50.72,34.897,36.288,38.457,25.495,35.454,34.505,39.444,30.256,34.596,47.619,39.315,30.256,33.481,42.906,32.451,43.663
8,7,2022,17,5pm,17.136,100,16.879,100,16.664,100,17.265,97.411,16.149,99.927,16.879,91.111,17.308,97.265,16.664,99.487,16.75,97.509,17.779,91.429,16.921,100,17.136,99.512,17.522,100,17.737,100,17.093,99.365
8,7,2022,23,11pm,16.921,100,16.063,99.853,15.634,100,16.149,100,14.905,100,15.634,100,16.621,100,16.321,100,14.519,100,16.879,100,16.45,100,16.964,100,15.892,99.414,16.149,98.803,16.235,100
9,7,2022,5,5am,33.781,43.419,36.441,31.6,36.184,32.625,30.135,51.526,30.135,44.664,30.778,45.665,32.408,50.965,34.811,35.946,36.098,29.328,32.923,46.032,37.128,37.729,31.851,50.256,39.187,33.455,33.352,58.852,36.613,36.264
9,7,2022,11,11am,34.039,37.265,38.286,29.475,33.781,32.747,33.095,42.54,43.005,27.375,34.982,33.089,33.009,48.23,37.299,36.142,43.348,15.556,34.21,37.216,34.982,37.509,33.91,51.306,42.576,24.322,32.537,42.979,36.098,32.845
9,7,2022,17,5pm,16.063,100,16.106,99.78,15.72,100,15.677,100,15.592,100,15.849,99.976,16.407,100,15.677,100,16.235,100,16.879,99.194,15.935,100,16.921,100,16.578,100,17.393,97.998,16.063,100
9,7,2022,23,11pm,15.377,100,15.377,98.926,14.819,100,14.39,100,14.691,100,15.077,99.341,13.918,100,14.819,100,12.546,100,14.519,100,14.862,100,14.648,100,15.334,98.95,15.334,95.8,14.948,100
10,7,2022,5,5am,36.913,32.039,31.508,31.429,31.422,31.404,28.333,39.17,26.488,42.979,28.547,48.449,32.666,40.781,36.355,29.426,28.934,36.874,29.32,43.37,34.94,35.238,34.94,38.828,30.65,37.216,27.303,65.495,31.808,35.458
10,7,2022,11,11am,25.845,42.515,24.944,38.926,27.818,34.115,25.287,45.885,24.172,42.1,22.799,45.446,25.073,47.204,26.402,39.512,25.03,44.054,25.459,40.147,27.175,37.485,25.073,49.182,24.601,37.949,28.805,42.466,28.976,34.505
10,7,2022,17,5pm,13.489,100,11.645,97.656,11.216,95.336,13.103,89.817,13.575,82.027,16.879,61.88,14.347,91.99,15.935,70.989,12.031,95.043,14.991,91.868,13.79,94.945,14.691,89.841,11.816,98.559,14.219,89.573,14.219,82.442
10,7,2022,23,11pm,12.374,100,10.486,99.976,10.744,99.438,10.744,100,9.414,100,13.79,74.335,10.787,100,11.301,93.602,8.213,100,10.572,100,12.031,100,10.744,100,9.628,100,11.988,100,12.159,99.438
11,7,2022,5,5am,34.811,27.57,36.699,27.595,27.647,33.26,29.448,39.512,31.164,37.68,29.234,34.994,34.124,38.266,38.028,24.737,29.834,34.212,33.781,26.422,35.111,28.01,33.567,35.238,40.431,26.374,27.389,44.127,28.419,32.552
11,7,2022,11,11am,30.864,33.138,32.795,28.962,31.979,27.448,31.293,31.795,34.425,26.032,34.253,25.079,31.036,39.756,36.012,21.612,31.937,23.321,31.979,25.006,34.854,26.154,32.837,35.263,39.015,17.778,34.639,31.551,39.358,20.464
11,7,2022,17,5pm,14.39,100,11.988,100,12.374,91.551,18.595,56.899,12.546,94.774,16.364,83.59,13.146,100,13.361,89.817,14.562,82.711,16.45,87.424,14.519,90.134,15.72,99.805,12.46,99.341,14.948,91.062,12.717,99.609
11,7,2022,23,11pm,12.245,100,10.272,100,11.173,94.261,12.288,82.491,10.1,95.263,13.961,79.463,9.156,100,11.859,98.926,8.727,100,10.701,100,12.374,98.51,11.087,100,10.1,100,12.503,96.337,12.117,100
12,7,2022,5,5am,36.441,25.031,37.599,25.934,38.071,21.416,32.923,33.626,32.709,33.944,33.052,28.425,36.227,41.783,38.972,24.371,35.798,29.011,37.471,24.982,42.747,19.585,33.395,39.316,41.847,19.805,38.071,26.52,39.144,21.856
12,7,2022,11,11am,34.296,26.007,35.326,23.272,33.224,24.298,34.082,28.596,42.447,20.342,34.811,23.907,32.108,36.386,37.299,23.785,35.669,21.49,34.511,23.956,39.53,19.829,33.438,34.896,41.718,17.46,35.283,24.567,38.972,21.001
12,7,2022,17,5pm,23.271,46.081,19.624,60.513,18.552,63.004,22.498,54.286,17.694,67.375,22.027,46.935,23.828,47.937,23.657,43.272,20.997,57.289,23.056,47.839,23.228,45.861,23.356,51.38,19.667,60.415,18.552,65.226,18.895,63.565
12,7,2022,23,11pm,17.308,79.756,12.288,100,13.275,94.603,19.024,64.811,16.535,73.236,15.634,76.972,16.278,77.705,18.552,61.685,14.519,85.91,16.021,77.778,17.136,75.336,13.918,95.629,13.103,99.536,15.806,82.955,17.308,71.062
13,7,2022,5,5am,39.744,29.768,41.932,22.198,43.777,20.684,34.94,36.581,35.154,37.192,35.798,33.968,34.082,45.958,37.128,31.306,37.471,26.838,38.586,27.766,42.79,22.759,37.299,39.609,48.754,18.388,43.391,26.471,45.193,21.685
13,7,2022,11,11am,30.778,51.087,30.435,62.564,29.105,52.65,41.418,30.842,33.738,35.092,34.167,29.426,35.626,45.446,42.705,23.101,39.873,23.175,39.273,25.006,31.937,45.299,35.883,39.414,32.151,47.839,31.937,41.905,30.306,40.977
13,7,2022,17,5pm,21.555,68.4,19.796,67.79,20.568,62.1,20.782,74.53,20.439,64.664,20.311,63.858,21.726,70.916,22.327,58.388,23.399,52.576,22.241,65.031,21.855,64.762,21.383,77.241,18.166,73.7,21.297,60.317,19.281,70.281
13,7,2022,23,11pm,15.806,98.437,15.763,90.867,17.694,78.266,16.106,91.062,16.707,83.199,18.723,74.725,16.578,93.26,20.096,69.621,15.806,91.966,16.535,90.476,16.45,92.112,14.648,100,15.634,91.429,17.994,78.584,17.05,83.858
14,7,2022,5,5am,36.441,25.031,38.586,23.712,40.774,19.683,34.382,34.994,32.366,33.407,38.415,21.514,37.514,33.26,42.233,29.377,35.025,30.379,37.471,23.175,39.959,20.342,38.157,36.337,39.873,22.369,42.705,20.611,43.434,20.147
14,7,2022,11,11am,36.613,25.177,37.943,20.049,35.583,19.853,37.128,30.33,38.629,20.659,39.53,18.095,35.54,35.067,38.929,25.446,37.042,19.389,37.557,19.414,46.008,14.896,35.926,32.576,43.477,15.14,41.418,16.63,40.002,18.51
14,7,2022,17,5pm,17.608,75.165,11.645,96.606,15.592,73.724,22.927,44.615,16.235,68.987,21.555,44.64,16.75,80.879,19.839,49.939,17.522,63.223,19.581,66.471,20.611,52.576,17.865,82.637,13.446,80.806,18.938,58.73,16.535,72.869
14,7,2022,23,11pm,17.35,86.178,14.176,92.625,17.779,71.917,18.166,69.915,17.908,73.407,19.495,58.755,12.288,100,17.694,77.949,11.559,93.944,14.219,88.547,18.423,77.802,12.932,100,14.776,86.911,18.938,66.593,18.637,70.623
15,7,2022,5,5am,37.514,29.719,42.876,21.05,43.262,20.781,35.54,37.656,38.028,30.574,35.454,30.696,33.996,45.69,29.963,48.694,38.543,25.397,40.131,26.935,41.203,25.201,34.811,44.347,48.024,17.582,44.935,21.245,45.364,19.731
15,7,2022,11,11am,30.864,36.63,37.9,23.394,36.656,22.173,29.749,38.926,32.408,30.354,33.438,24.298,30.178,42.1,28.376,39.756,31.422,27.155,31.765,31.355,31.508,32.186,29.019,44.615,36.656,21.538,37.213,21.123,38.5,23.175
15,7,2022,17,5pm,17.737,75.043,13.918,82.515,19.024,63.297,21.683,54.847,17.05,70.549,19.024,59.609,17.222,79.56,21.941,52.869,24.214,45.299,19.538,64.737,17.136,75.165,17.308,86.056,16.578,70.183,18.852,59.902,17.908,66.447
15,7,2022,23,11pm,14.648,96.044,11.044,100,12.331,94.774,15.549,84.933,11.559,95.385,17.393,65.958,14.133,99.463,17.908,70.549,14.562,88.791,14.219,88.523,15.549,87.302,13.747,100,11.816,94.847,16.492,72.015,15.42,81.563
16,7,2022,5,5am,41.847,20.195,41.46,18.193,43.863,14.847,34.682,34.164,35.454,21.612,37.514,19.829,40.431,33.797,43.391,22.295,38.157,18.168,42.747,21.319,46.094,18.291,37.17,40.952,45.965,13.7,46.351,15.482,42.233,18.168
16,7,2022,11,11am,38.715,15.824,39.401,16.386,38.543,13.675,37.599,23.468,40.56,14.383,38.844,13.578,36.87,29.573,41.074,16.361,39.744,14.359,38.929,15.385,41.117,12.674,37.428,27.204,47.424,9.67,41.975,12.381,41.975,14.286
16,7,2022,17,5pm,17.608,61.514,13.661,71.013,16.235,52.234,23.485,33.016,14.648,60.44,21.297,41.612,15.592,85.91,17.265,53.724,17.007,58.657,18.123,56.288,16.535,62.711,15.978,89.06,15.077,61.294,18.766,46.032,17.007,56.459
16,7,2022,23,11pm,14.004,91.648,11.173,91.282,13.876,69.011,18.852,53.748,13.06,68.962,18.723,43.834,11.902,100,17.651,59.145,9.414,91.648,14.047,80.537,15.377,74.945,12.717,100,11.73,79.56,16.836,54.408,17.222,54.847
17,7,2022,5,5am,44.506,19.658,45.622,15.287,47.681,12.991,38.929,26.74,39.101,21.685,39.358,20.44,41.074,29.304,43.305,22.711,42.49,16.825,43.863,18.437,48.067,15.873,37.943,36.752,51.07,11.233,47.509,13.602,44.421,17.143
17,7,2022,11,11am,37.986,17.485,41.46,17.192,42.833,13.895,42.233,22.589,41.632,18.803,41.289,15.433,36.999,27.106,44.592,18.95,45.021,11.99,39.315,18.535,38.329,17.802,34.725,32.869,45.15,12.454,42.533,12.723,41.074,16.654
17,7,2022,17,5pm,24.214,45.372,19.41,82.344,23.871,45.763,26.231,35.531,24.558,49.255,26.36,44.054,20.654,70.427,24.172,41.734,27.175,35.946,26.874,35.531,23.142,48.425,21.555,67.375,20.396,72.503,24.601,45.153,24.729,47.179
17,7,2022,23,11pm,15.806,89.011,18.552,89.499,19.581,83.907,21.169,67.79,19.281,78.926,21.64,70.818,15.077,93.162,17.994,67.741,21.083,81.197,16.063,76.581,16.578,82.784,13.833,96.801,19.753,83.614,21.04,74.139,20.954,80.879
18,7,2022,5,5am,38.929,26.838,38.543,30.989,39.959,25.958,37.256,32.821,26.102,58.12,26.145,62.369,34.382,39.853,40.388,26.838,35.411,34.31,33.481,34.212,39.83,24.64,33.867,40.171,41.632,25.446,43.863,25.592,39.315,28.669
18,7,2022,11,11am,24.987,56.557,25.587,52.137,24.601,42.198,23.185,75.458,21.383,67.009,23.785,56.874,25.931,63.492,24.944,66.081,24.214,99.316,23.185,83.956,23.185,62.857,24.815,72.576,28.462,44.078,23.871,48.767,25.973,41.807
18,7,2022,17,5pm,17.093,51.893,15.549,56.679,14.991,55.824,15.248,70.403,16.321,46.129,16.879,42.784,14.433,59.145,15.806,51.941,15.849,59.731,16.621,54.53,16.621,54.359,15.12,64.371,15.978,57.021,15.849,62.418,15.806,54.017
18,7,2022,23,11pm,15.634,84.103,15.592,84.005,16.578,76.044,15.334,84.786,14.519,85.983,15.935,74.115,17.179,74.603,15.334,82.442,14.09,89.206,16.45,79.829,15.034,85.25,17.007,78.657,15.463,84.371,16.021,78.779,16.535,75.995
19,7,2022,5,5am,28.805,40.952,32.923,29.963,35.497,24.982,27.432,44.2,26.66,40.855,27.647,37.143,29.577,38.364,32.28,31.575,29.706,39.219,29.148,36.215,33.138,30.354,31.937,38.926,34.124,28.449,35.626,25.495,34.468,27.888
19,7,2022,11,11am,34.682,25.446,35.411,22.125,35.969,20.391,33.309,29.377,34.897,21.148,34.382,23.907,33.395,28.498,35.926,22.589,35.411,21.221,33.266,23.736,37.471,20.049,33.953,30.11,38.972,16.581,39.23,17.924,38.629,20.293
19,7,2022,17,5pm,15.463,81.27,13.532,81.368,13.918,74.652,20.782,52.405,18.766,53.773,20.268,53.138,15.034,85.275,18.938,55.8,17.007,70.501,17.05,73.895,18.337,60.244,15.42,85.153,15.892,68.767,17.35,58.315,19.882,48.327
19,7,2022,23,11pm,14.991,79.438,20.096,47.692,14.133,68.132,13.103,78.95,18.294,53.407,20.568,44.127,14.605,71.404,16.879,56.166,13.747,85.201,14.347,78.071,14.605,72.503,12.546,88.816,20.74,44.86,18.68,49.548,19.281,48.156
20,7,2022,5,5am,30.821,39.707,36.527,25.25,38.286,22.637,32.623,37.143,28.805,38.339,30.178,35.629,30.778,41.514,36.699,28.059,31.293,29.182,32.88,32.161,34.639,28.571,34.854,36.386,36.27,22.271,39.616,22.076,35.54,28.156
20,7,2022,11,11am,35.454,25.714,34.553,22.613,35.411,20.147,32.795,31.795,32.537,25.739,37.213,21.832,34.468,29.573,40.946,20.928,36.913,18.852,34.553,22.711,39.058,18.657,34.253,32.186,40.216,16.215,38.457,16.484,40.517,17.924
20,7,2022,17,5pm,14.605,85.91,11.902,88.181,14.133,71.746,21.211,47.912,14.605,72.796,19.71,51.453,14.605,83.565,16.235,69.744,17.05,68.669,17.951,62.076,16.45,68.278,15.334,84.737,13.532,70.794,17.694,55.067,16.75,60
20,7,2022,23,11pm,15.163,80.659,12.631,87.399,16.879,59.243,16.836,66.935,15.377,69.841,17.35,59.853,12.288,94.921,17.007,74.554,8.813,100,12.245,87.253,14.991,79.487,10.872,98.437,13.318,77.314,17.05,58.339,19.796,51.38
21,7,2022,5,5am,34.425,25.934,39.358,17.68,42.49,13.797,33.653,32.063,31.164,23.687,37.642,20.317,34.639,29.158,40.302,20.44,36.741,18.974,35.54,22.271,39.53,18.388,40.345,26.129,42.318,14.017,45.064,15.482,45.493,15.189
21,7,2022,11,11am,33.867,17.387,36.484,16.117,34.339,17.924,37.042,22.955,35.969,14.896,36.527,16.068,35.583,25.275,38.801,16.068,37.17,14.701,36.312,15.897,37.599,13.04,36.098,23.834,40.431,11.404,36.57,15.849,36.57,18.144
21,7,2022,17,5pm,13.275,77.436,11.344,78.046,13.704,67.961,21.984,36.142,14.347,58.315,19.324,48.132,13.189,78.51,20.01,39.243,15.163,47.717,17.265,55.311,15.892,53.7,13.833,81.221,11.344,70.403,17.436,49.475,15.978,57.314
21,7,2022,23,11pm,10.83,90.379,8.813,90.403,12.674,62.711,18.037,48.596,10.872,73.162,14.862,56.947,8.384,98.803,14.991,82.686,10.83,77.802,10.701,79.121,12.417,75.849,8.856,97.021,8.685,84.151,13.575,57.631,11.988,66.374
22,7,2022,5,5am,40.989,14.847,40.645,12.796,43.906,10.11,35.626,21.856,35.111,15.458,37.771,14.774,40.302,19.976,43.048,13.211,38.028,16.068,37.685,17.265,42.447,12.552,37.771,26.618,43.477,10.061,45.922,10.183,42.747,11.233
22,7,2022,11,11am,34.167,20.244,33.481,18.73,35.154,17.192,35.883,19.756,36.999,17.216,36.184,17.363,35.669,19.096,39.187,13.724,37.9,16.19,35.798,14.53,37.128,16.19,35.755,21.514,35.411,14.945,36.57,15.311,37.128,15.702
22,7,2022,17,5pm,16.793,94.286,17.865,74.603,16.492,85.714,19.281,84.274,18.208,76.313,19.238,75.336,18.68,92.112,19.152,79.902,17.222,91.111,21.297,68.205,16.364,96.996,20.74,77.216,17.779,74.921,18.595,77.705,17.05,99.683
22,7,2022,23,11pm,12.374,100,10.186,100,10.186,100,13.232,99.438,11.816,97.021,14.691,81.538,11.087,100,12.932,100,9.843,99.756,13.489,95.531,12.074,100,13.146,100,10.186,97.411,14.347,78.071,14.004,84.298
23,7,2022,5,5am,32.451,28.23,35.926,20.024,38.715,18.755,34.811,29.524,27.518,33.016,33.052,26.398,31.293,38.046,38.886,23.468,30.135,28.864,32.323,28.449,36.227,25.324,32.494,36.972,36.527,19.072,42.276,18.12,40.345,20.684
23,7,2022,11,11am,34.382,23.834,30.993,24.518,31.422,23.492,36.57,25.69,38.586,18.413,33.738,22.808,31.851,30.647,37.557,21.734,30.006,26.96,33.009,21.978,40.56,16.215,31.422,35.751,35.669,17.534,37.428,16.777,36.484,21.832
23,7,2022,17,5pm,16.407,60.83,12.159,70.012,15.549,59.927,17.651,60.635,15.248,60.611,19.41,47.546,18.809,55.189,15.248,65.397,13.961,68.474,16.836,57.656,19.581,47.399,18.509,59.023,14.047,62.393,17.694,48.913,16.793,57.485
23,7,2022,23,11pm,10.744,92.552,6.797,99.634,8.298,97.167,13.189,78.022,6.883,94.286,12.674,72.918,9.457,97.998,11.259,86.545,7.784,95.336,12.46,76.679,10.658,86.105,9.714,96.972,8.556,85.91,12.76,61.661,10.572,79.365
24,7,2022,5,5am,38.715,21.221,38.071,20.635,39.744,18.657,31.808,32.552,36.098,23.956,33.481,26.886,32.752,32.21,37.342,24.811,34.339,22.125,33.61,26.276,39.616,19.658,34.897,37.729,38.157,19.976,42.962,18.266,41.289,19.487
24,7,2022,11,11am,35.111,21.832,36.441,19.096,34.082,20.733,36.699,25.055,44.077,12.967,34.854,20.928,33.138,29.353,36.355,21.49,37.771,15.873,34.811,20.928,39.144,16.581,33.567,33.993,37.943,16.264,36.355,18.193,37.17,20.708
24,7,2022,17,5pm,20.311,49.768,19.667,48.303,18.294,51.038,22.112,48.132,19.538,48.23,21.04,45.397,21.34,49.524,22.284,42.882,20.182,48.303,22.498,42.418,19.367,51.99,21.812,51.77,19.624,47.668,19.839,44.762,20.225,47.619
24,7,2022,23,11pm,15.377,74.481,10.272,81.294,14.519,66.325,12.717,88.718,14.133,70.427,16.578,60.073,13.446,85.25,13.146,83.81,11.816,80.586,12.975,77.656,13.661,78.926,10.572,94.408,11.216,75.116,15.677,58.681,17.994,55.018
25,7,2022,5,5am,40.345,19.927,36.613,21.368,36.398,21.538,34.253,32.869,37.771,21.343,35.154,22.93,35.969,29.28,39.358,22.271,29.105,30.989,38.157,22.637,43.648,17.118,34.296,36.19,35.197,21.807,36.956,20.195,32.752,27.643
25,7,2022,11,11am,28.247,36.679,31.079,28.816,29.877,29.89,27.689,41.172,29.877,32.039,31.293,31.453,29.706,37.753,32.108,32.625,28.976,32.943,30.521,31.917,29.834,31.917,29.663,40,31.937,26.838,33.867,23.956,29.234,33.431
25,7,2022,17,5pm,11.516,89.988,10.057,97.387,11.559,91.526,14.691,85.201,14.133,81.661,15.978,75.018,13.876,84.86,14.948,79.829,12.889,88.352,16.149,69.548,13.103,77.973,14.562,83.761,10.486,87.937,16.278,63.516,14.133,81.416
25,7,2022,23,11pm,11.859,98.144,10.529,100,11.43,95.385,12.245,97.143,13.833,83.59,14.176,78.608,10.958,100,12.374,92.112,11.43,96.264,15.248,77.607,12.159,92.063,11.001,96.557,11.13,94.31,14.047,75.385,13.876,82.857
26,7,2022,5,5am,28.934,37.192,34.94,26.691,35.841,25.324,30.006,38.242,28.762,38.388,31.465,33.162,31.293,35.116,36.441,27.082,28.676,34.042,31.465,31.429,35.798,25.519,28.805,44.298,30.392,31.38,39.273,21.465,37.685,24.811
26,7,2022,11,11am,29.963,28.742,30.65,26.252,29.277,27.277,27.99,35.36,30.607,25.665,30.435,28.327,34.124,27.009,38.929,18.535,30.564,25.177,30.521,26.764,33.567,23.419,30.65,34.823,31.636,23.419,30.821,25.104,31.079,28.718
26,7,2022,17,5pm,15.806,67.302,11.902,67.863,16.235,60,18.895,55.824,19.152,51.184,21.169,43.932,17.737,60.659,19.195,49.988,13.017,69.133,18.68,50.647,17.479,55.946,17.951,64.762,13.704,60.586,18.981,46.911,18.766,53.26
26,7,2022,23,11pm,11.43,82.466,8.298,99.096,9.285,92.405,13.918,72.357,12.503,78.486,16.964,57.07,14.691,69.426,14.305,66.3,8.556,90.354,11.988,73.089,12.546,72.479,13.618,75.824,7.998,85.275,13.618,62.173,14.347,69.719
27,7,2022,5,5am,30.478,25.495,33.653,20.171,34.21,19.414,31.679,28.962,27.346,28.449,31.593,25.299,29.963,30.672,39.702,17.778,29.963,21.905,32.58,22.393,34.639,20.269,29.834,35.336,32.28,20.22,40.302,16.581,35.411,22.515
27,7,2022,11,11am,31.036,17.705,34.682,13.504,32.237,14.505,33.438,19.414,32.795,13.211,33.567,13.968,31.079,20.806,38.629,11.526,33.352,14.701,31.55,15.067,34.768,13.7,30.993,24.713,38.672,10.696,34.897,13.407,36.398,14.481
27,7,2022,17,5pm,12.331,56.508,7.784,72.063,10.143,58.291,17.265,42.735,10.872,54.75,18.509,35.189,12.76,60.855,16.106,42.027,9.071,61.978,14.905,44.347,14.819,44.518,13.404,62.662,8.513,65.079,15.463,40.269,14.519,45.592
27,7,2022,23,11pm,6.497,87.399,6.711,83.297,7.569,74.676,13.747,53.748,13.232,54.066,12.674,53.138,5.982,93.871,14.347,52.332,7.14,84.86,8.427,60.269,9.886,66.593,6.196,91.722,8.298,72.112,10.915,55.726,8.727,64.518
28,7,2022,5,5am,38.286,13.04,39.315,12.796,40.517,11.013,38.286,18.51,35.969,14.75,33.224,16.41,35.111,19.365,40.56,14.652,35.583,16.288,38.071,14.188,40.517,14.408,36.527,25.495,38.028,12.967,42.49,11.087,39.058,14.799
28,7,2022,11,11am,36.184,15.385,35.54,13.919,36.227,13.968,38.157,19.341,40.216,12.43,37.085,14.286,35.025,18.95,37.428,14.676,36.699,13.407,35.883,13.7,38.715,13.748,32.837,27.448,41.031,10.94,39.358,12.454,39.23,14.75
28,7,2022,17,5pm,13.79,59.389,11.816,56.484,15.205,47.326,20.654,40.293,18.251,41.343,19.495,37.07,22.885,33.895,20.954,33.065,14.734,50.134,18.38,43.443,16.192,49.744,20.139,43.468,11.988,50.72,17.222,37.338,16.921,43.736
28,7,2022,23,11pm,8.427,85.91,5.51,86.911,8.256,80.513,17.179,48.205,14.047,55.775,13.833,53.358,8.899,82.198,16.964,44.127,5.853,92.967,10.229,63.761,10.872,67.473,8.17,85.69,7.655,73.065,12.674,53.382,10.787,61.88
29,7,2022,5,5am,41.418,15.678,42.361,14.237,42.447,13.358,39.787,20.44,39.058,16.654,35.54,19.365,39.83,20.635,44.678,14.212,39.659,15.775,43.262,13.284,42.576,14.945,39.616,25.055,41.847,14.139,43.82,12.747,44.378,15.238
29,7,2022,11,11am,41.418,13.382,41.889,11.893,39.916,13.016,43.048,16.801,47.724,8.864,42.876,12.821,39.873,16.947,42.49,12.65,43.648,10.452,39.273,13.675,44.721,12.186,39.101,22.711,43.648,11.258,43.52,11.77,46.137,12.894
29,7,2022,17,5pm,22.97,44.811,14.176,64.908,19.538,55.018,24.987,34.994,23.271,43.687,24.772,41.026,26.402,35.336,23.185,36.142,24.3,35.922,27.089,33.114,23.271,42.295,25.973,39.243,17.222,54.408,22.584,41.807,20.268,53.48
29,7,2022,23,11pm,14.519,77.241,18.166,64.151,18.981,57.216,19.495,60.171,20.353,53.333,21.469,47.399,18.38,64.42,18.552,59.096,18.037,63.492,17.994,59.438,16.235,68.205,18.466,65.641,19.024,59.731,19.967,51.844,20.654,52.698
30,7,2022,5,5am,37.17,21.807,39.573,18.193,41.675,18.046,35.626,27.717,33.138,27.155,39.616,19.267,35.798,26.471,43.863,15.849,39.702,19.487,36.656,22.613,42.318,16.996,37.728,29.89,38.457,19.438,42.833,17.143,41.761,21.026
30,7,2022,11,11am,35.111,19.56,35.626,17.314,34.682,20.073,36.055,23.004,36.398,18.755,35.54,19.243,36.656,21.368,39.444,16.264,36.956,17.607,36.956,17.973,37.9,16.361,36.484,24.371,37.557,15.824,37.428,17.338,38.028,19.072
30,7,2022,17,5pm,16.063,74.017,14.991,65.055,15.291,71.917,20.182,64.64,17.951,59.56,20.096,51.722,17.822,67.961,19.495,60.928,17.179,74.335,20.825,53.211,17.05,67.424,17.436,67.912,14.39,75.531,18.895,51.722,17.179,62.906
30,7,2022,23,11pm,13.361,85.104,12.975,89.426,15.077,79.78,14.004,97.338,14.819,88.4,16.278,73.333,13.361,88.938,15.72,85.519,13.275,90.647,14.176,76.02,14.305,82.173,13.189,90.256,12.975,82.759,16.578,65.47,16.664,73.187
31,7,2022,5,5am,38.5,22.833,42.19,18.926,40.731,18.657,36.312,30.94,37.342,24.005,33.953,28.791,38.2,27.619,40.302,22.149,37.256,26.496,38.844,22.027,40.173,21.368,36.012,38.266,41.246,19.048,42.79,18.095,42.79,19.756
31,7,2022,11,11am,39.23,17.118,40.173,16.606,37.385,18.51,39.916,22.125,45.45,13.504,38.114,19.414,38.286,21.636,41.847,15.433,41.675,16.117,38.157,18.51,43.648,13.797,36.527,30.183,41.289,15.702,39.23,16.557,41.546,18.535
31,7,2022,17,5pm,24.343,39.316,23.271,42.589,23.314,40.464,25.845,40.928,22.885,42.466,26.231,34.359,27.303,36.801,26.445,34.31,24.472,42.686,25.502,36.044,22.885,42.808,27.346,39.756,21.555,45.324,23.871,38.413,22.584,45.275
31,7,2022,23,11pm,12.889,77.973,7.955,88.571,14.948,58.755,18.766,55.336,18.766,50.11,21.211,43.077,13.876,72.723,20.439,47.766,13.103,75.067,13.747,61.661,14.476,69.06,12.159,81.758,10.358,79.414,16.45,48.938,15.463,54.75
1,8,2022,5,5am,43.348,12.674,39.401,17.167,44.935,12.454,35.24,24.054,36.227,17.436,38.929,14.945,39.959,20.22,46.437,10.94,39.015,20.684,38.286,16.117,44.506,11.77,36.613,26.007,39.358,16.215,45.579,12.161,46.694,11.062
1,8,2022,11,11am,39.273,12.063,40.602,9.597,40.045,9.915,41.246,14.676,41.16,9.328,41.847,9.597,40.302,13.968,44.12,8.864,41.675,11.331,40.731,10.037,42.276,9.06,40.216,16.728,41.632,8.62,47.724,8.767,44.163,11.306
1,8,2022,17,5pm,23.013,31.966,23.314,26.789,24.172,23.15,24.858,26.3,23.013,24.786,26.016,19.805,17.737,47.814,24.472,22.271,25.759,43.687,21.083,28.083,24.257,26.642,17.994,50.94,22.584,26.96,25.03,23.565,26.703,22.564
1,8,2022,23,11pm,22.97,33.187,21.083,39.414,26.531,28.254,22.37,39.414,25.33,29.451,24.343,31.966,23.271,34.31,23.356,34.066,22.97,39.56,22.67,34.042,23.013,32.479,22.713,39.463,19.667,42.051,26.145,28.596,26.445,32.063
2,8,2022,5,5am,36.527,19.463,36.184,21.758,37.599,20.659,37.943,20.586,35.583,17.46,38.071,15.604,39.873,17.631,44.592,12.015,35.755,23.858,39.83,14.603,42.276,14.31,39.487,21.929,36.913,20.806,35.283,22.808,36.999,25.714
2,8,2022,11,11am,32.752,17.656,33.138,17.68,32.108,18.803,34.468,20.415,34.339,15.873,32.752,17.9,34.854,18.974,36.999,14.481,34.382,17.705,34.253,16.337,35.111,15.263,35.068,22.93,32.837,17.192,39.23,13.724,34.982,18.706
2,8,2022,17,5pm,15.291,50.037,7.827,68.156,10.872,63.15,19.839,40.488,11.559,60.366,19.839,37.558,19.796,40.806,18.552,39.414,15.12,47.179,17.565,41.27,17.651,40.366,17.565,49.695,9.886,57.9,17.179,36.41,16.492,47.57
2,8,2022,23,11pm,10.358,71.184,5.982,82.54,8.17,77.851,17.007,52.674,7.655,76.654,14.133,50.989,10.486,71.282,13.446,62.271,10.229,72.772,11.087,57.143,11.773,63.81,11.688,66.716,7.398,73.724,12.417,46.716,10.272,63.98
3,8,2022,5,5am,39.444,14.652,40.173,14.164,41.46,12.454,33.095,23.956,34.725,19.17,34.596,18.462,37.17,19.414,39.015,15.238,35.411,18.779,37.642,16.215,38.586,15.165,34.468,27.326,42.662,12.161,35.068,17.411,39.23,17.265
3,8,2022,11,11am,38.886,9.988,38.886,10.867,37.299,10.159,38.586,15.751,39.873,10.281,37.857,11.624,39.358,13.578,40.989,10.501,39.315,12.088,38.243,11.209,39.702,9.524,35.755,22.54,38.972,9.695,42.233,8.596,40.173,11.99
3,8,2022,17,5pm,13.232,45.763,14.433,37.802,17.565,28.059,18.981,32.381,16.621,32.991,23.528,18.046,14.476,47.009,16.75,36.679,17.779,32.015,17.136,31.722,16.707,34.066,14.219,54.359,11.43,43.101,17.222,25.055,17.007,31.136
3,8,2022,23,11pm,11.902,48.62,12.503,37.973,16.45,26.203,17.093,34.945,17.994,21.587,21.683,16.874,11.773,51.6,18.166,31.844,9.028,64.298,11.001,50.354,12.417,47.863,10.1,64.957,16.192,27.717,15.077,29.768,21.04,24.347
4,8,2022,5,5am,43.005,10.598,44.892,10.037,45.364,9.451,38.972,15.678,38.886,12.552,39.53,13.358,40.602,13.04,42.662,9.377,41.847,10.232,41.332,10.134,43.52,10.33,38.2,21.392,46.995,9.573,39.787,12.283,45.236,13.529
4,8,2022,11,11am,32.752,36.996,24.129,59.902,27.518,72.234,21.812,77.118,20.225,88.278,28.805,33.065,22.97,89.768,24.3,56.825,36.956,16.679,33.695,20.269,31.979,48.278,32.28,28.523,28.505,43.248,25.845,92.674,27.432,65.641
4,8,2022,17,5pm,20.954,43.394,16.321,56.654,19.195,48.498,24.343,42.735,22.155,31.941,24.987,22.613,18.895,83.443,22.67,44.322,23.485,27.863,25.502,25.641,17.222,97.021,19.753,77.07,16.964,51.575,19.924,63.907,19.71,50.989
4,8,2022,23,11pm,15.291,57.607,12.889,70.085,13.833,61.27,16.45,56.361,12.975,59.829,18.294,35.482,16.75,56.947,16.278,52.137,11.044,82.955,17.522,39.853,14.262,75.678,16.192,65.665,13.017,66.032,15.935,58.51,15.291,62.32
5,8,2022,5,5am,31.293,21.05,33.224,18.193,36.613,16.874,29.191,32.137,26.445,28.913,31.336,22.027,30.306,30.452,36.913,19.292,30.349,20.855,32.28,21.538,34.854,21.026,30.049,39.316,39.444,13.333,32.28,25.25,34.253,22.882
5,8,2022,11,11am,27.518,21.636,30.735,16.752,29.877,18.681,28.59,27.497,28.505,20.708,28.204,22.076,29.834,24.005,30.907,20.024,30.607,17.289,29.62,19.878,28.976,20.415,29.792,29.011,31.25,15.458,37.986,13.26,31.379,21.099
5,8,2022,17,5pm,15.806,43.443,13.876,49.377,13.532,49.841,16.149,46.3,12.803,50.989,16.235,40.684,17.651,41.978,16.578,40.171,14.433,47.424,17.694,37.07,16.021,43.175,17.779,45.226,13.06,49.792,15.72,40.586,14.605,49.377
5,8,2022,23,11pm,11.688,65.47,8.513,81.026,9.242,80.708,11.43,69.182,9.671,73.211,11.516,62.393,10.787,76.288,10.915,66.618,8.427,78.095,12.331,55.433,11.902,66.935,10.83,82.295,9.371,70.403,12.846,52.283,11.473,68.742
6,8,2022,5,5am,24.901,33.944,24.601,31.258,18.552,45.177,18.037,52.723,23.013,34.261,17.136,51.136,20.053,47.326,18.208,50.085,22.541,37.241,19.796,43.321,24.086,36.801,17.651,63.053,22.97,33.846,20.568,39.707,19.753,46.862
6,8,2022,11,11am,19.538,60,17.179,77.314,15.334,89.768,19.882,57.851,15.334,92.601,14.262,92.918,19.495,62.564,18.852,57.558,22.756,36.239,17.865,72.869,19.453,59.145,17.651,77.875,16.407,83.394,16.707,78.315,16.793,78.608
6,8,2022,17,5pm,15.763,76.777,13.79,95.336,13.318,98.657,15.291,78.144,14.047,92.186,13.318,94.896,16.321,74.554,15.205,75.531,15.978,73.236,16.492,70.476,15.334,80.22,16.106,79.731,13.747,93.748,14.004,91.575,13.318,100
6,8,2022,23,11pm,11.73,95.629,9.028,98.999,13.06,96.288,13.961,90.867,12.76,100,13.232,94.432,14.09,94.042,13.79,90.354,14.991,82.613,14.09,92.063,11.602,93.504,13.961,98.462,9.5,100,14.004,92.845,12.889,100
7,8,2022,5,5am,34.21,27.131,35.369,24.86,38.5,19.805,29.62,40.171,31.079,33.797,31.036,31.722,33.352,32.308,36.741,24.664,31.508,31.941,32.709,30.696,34.468,28.4,29.834,44.64,38.2,23.053,30.821,36.264,36.527,26.032
7,8,2022,11,11am,35.454,14.823,38.801,13.089,36.956,13.431,37.557,19.902,37.986,13.016,37.256,14.139,35.883,18.315,40.56,11.551,37.213,14.115,36.656,14.579,37.986,12.967,35.755,29.426,37.042,14.383,41.246,10.33,38.586,15.214
7,8,2022,17,5pm,14.133,47.839,13.189,47.521,14.476,42.711,19.796,38.803,17.479,33.138,20.954,26.691,12.76,56.947,20.611,34.603,16.063,51.551,15.205,35.263,14.047,49.035,12.889,62.466,13.232,45.104,15.634,34.408,13.918,48.742
7,8,2022,23,11pm,12.975,66.3,15.849,53.407,17.608,45.788,15.377,58.901,14.905,52.845,17.779,44.86,10.615,76.142,18.723,46.569,11.387,62.613,9.757,50.476,13.103,66.129,8.084,89.133,15.463,53.822,14.948,46.252,15.506,52.405
8,8,2022,5,5am,41.589,11.893,43.305,11.111,44.292,11.355,35.926,22.882,35.54,16.337,36.999,15.775,39.058,18.168,41.46,13.822,38.243,15.433,38.844,14.823,42.962,11.77,35.54,27.961,45.965,9.719,39.23,16.801,42.104,15.922
8,8,2022,11,11am,39.015,12.723,41.203,9.915,40.173,10.549,40.86,15.849,42.619,10.012,39.787,11.209,40.131,15.263,44.592,9.035,40.774,10.11,39.916,11.819,41.675,11.16,39.916,18.559,41.074,9.646,47.209,7.814,44.378,12.625
8,8,2022,17,5pm,13.876,47.79,11.13,49.939,16.964,35.018,20.654,35.287,16.921,35.018,20.997,27.033,14.39,54.676,17.436,37.216,17.179,36.508,17.265,33.675,17.136,37.387,13.876,65.055,14.347,39.976,17.608,27.155,16.45,40.147
8,8,2022,23,11pm,15.935,45.397,16.407,66.862,13.961,67.839,17.479,45.275,13.661,57.875,17.05,43.639,15.806,47.253,13.404,47.888,16.235,68.669,18.294,37.558,15.463,45.934,14.347,54.921,16.063,66.081,16.578,49.084,16.364,64.322
9,8,2022,5,5am,33.781,22.442,35.841,20.122,38.329,17.705,34.253,26.886,30.864,26.52,30.478,26.52,32.408,27.912,41.418,15.775,34.296,18.803,32.837,23.858,41.074,15.971,31.121,34.237,39.015,16.361,33.224,23.956,39.144,21.954
9,8,2022,11,11am,35.712,17.68,36.355,16.63,35.369,17.167,38.2,20.391,42.018,12.601,35.197,18.632,35.626,21.392,38.457,15.873,39.315,13.162,35.24,18.168,39.101,14.652,33.781,30.33,35.369,16.166,42.19,13.553,38.543,19.414
9,8,2022,17,5pm,23.013,33.797,16.192,47.399,20.868,35.507,23.228,38.291,18.423,39.316,22.541,32.381,24.386,34.896,22.885,33.773,12.975,52.625,22.069,33.919,22.541,33.797,19.195,47.302,19.624,38.828,21.426,33.065,16.106,48.181
9,8,2022,23,11pm,15.72,61.099,7.44,77.314,10.272,74.286,19.238,52.894,12.975,65.031,15.334,54.139,19.967,52.894,19.453,47.717,17.093,51.624,17.265,51.111,16.106,59.683,14.519,69.524,9.929,73.553,13.747,45.153,14.776,59.438
10,8,2022,5,5am,37.213,23.614,35.369,24.444,38.415,21.978,34.082,31.331,32.88,27.228,32.623,28.962,34.382,29.328,38.5,21.441,34.21,23.565,32.795,26.886,39.573,20.855,33.224,38.193,36.741,22.491,34.253,26.642,39.101,25.495
10,8,2022,11,11am,34.21,28.303,35.411,26.129,34.768,26.032,37.857,28.523,41.031,18.706,37.042,23.858,38.071,25.543,40.131,20.659,37.17,19.585,37.213,23.761,35.326,26.252,39.015,30.281,34.553,26.716,36.27,24.029,35.497,28.571
10,8,2022,17,5pm,26.231,39.023,25.759,38.755,25.287,41.05,25.931,45.397,25.502,42.173,26.145,44.469,27.26,43.468,25.931,41.856,25.158,36.093,27.561,38.608,26.145,38.462,27.303,45.739,25.802,38.437,25.845,39.316,25.373,46.349
10,8,2022,23,11pm,20.268,56.63,12.76,73.748,14.047,77.241,21.426,55.946,14.262,69.792,18.809,57.68,19.41,60.586,20.611,54.579,19.753,52.943,21.383,48.84,20.053,56.435,21.211,59.927,14.047,66.496,18.08,49.011,17.393,65.641
11,8,2022,5,5am,38.543,22.613,39.401,21.563,37.299,23.932,39.787,26.422,33.953,27.57,35.583,27.717,35.626,29.89,45.965,15.849,32.666,29.353,35.755,25.885,42.662,19.463,35.712,35.678,45.15,17.021,36.784,26.593,40.56,25.788
11,8,2022,11,11am,39.315,21.514,40.903,19.56,38.886,21.636,36.312,31.844,42.061,18.413,42.79,19.585,35.712,29.084,46.866,16.142,41.718,19.829,37.213,23.541,39.187,21.807,35.24,36.288,45.493,15.922,46.651,16.41,46.437,19.609
11,8,2022,17,5pm,20.353,67.521,18.766,69.451,16.964,72.283,23.828,60.781,20.611,62.271,24.129,49.255,26.016,49.646,23.7,52.259,22.498,62.686,23.228,54.847,20.911,64.908,22.927,61.392,19.624,62.564,21.769,44.151,20.525,59.072
11,8,2022,23,11pm,14.219,84.713,11.516,92.747,15.42,80.586,19.495,76.117,19.796,64.249,20.697,59.634,13.489,91.013,20.182,71.258,11.773,94.896,15.034,65.006,14.605,85.446,13.017,89.988,12.288,82.295,17.565,57.875,15.935,74.042
12,8,2022,5,5am,39.744,21.001,44.249,16.044,44.463,14.554,39.487,27.253,36.055,22.906,40.345,19.121,38.972,24.469,47.853,13.993,38.972,22.442,39.787,20.244,46.222,15.36,42.876,25.739,43.434,17.314,40.602,21.929,45.279,18.974
12,8,2022,11,11am,42.662,14.066,42.576,14.701,34.854,21.368,44.077,17.363,50.47,10.476,37.342,18.999,42.447,17.241,44.421,13.187,44.592,13.675,44.163,13.455,46.437,11.966,40.731,26.667,39.101,16.923,37.256,19.56,38.2,22.344
12,8,2022,17,5pm,22.155,68.278,18.337,99.731,17.994,99.683,24.686,50.598,17.565,97.338,19.066,92.43,26.231,47.009,25.073,42.711,18.466,97.802,26.274,41.368,21.64,72.234,25.973,48.156,18.294,100,19.024,98.632,17.608,100
12,8,2022,23,11pm,13.661,100,14.219,100,14.519,100,19.667,77.094,15.42,100,15.763,99.072,15.205,100,18.637,74.823,15.42,100,16.664,89.597,14.004,98.584,16.063,97.875,14.905,100,15.892,95.8,14.776,100
13,8,2022,5,5am,40.817,22.027,37.986,32.234,43.863,22.442,39.273,27.692,34.21,37.949,37.085,32.234,40.903,26.935,43.605,19.976,33.395,43.101,43.219,21.099,44.549,20.83,40.216,31.551,38.071,33.846,32.366,86.789,43.005,26.593
13,8,2022,11,11am,39.702,19.951,39.23,20.879,38.844,18.852,39.273,27.424,40.774,22.466,39.273,20.928,40.602,24.322,42.061,20.122,39.144,26.227,39.144,21.514,40.345,19.414,36.055,37.778,43.563,19.121,41.46,31.624,41.289,19.976
13,8,2022,17,5pm,21.64,52.039,23.013,51.819,23.528,46.813,24.043,49.377,20.954,57.753,23.7,47.473,22.756,52.186,24.601,41.49,18.123,85.421,23.485,48.327,21.598,51.453,21.04,62.882,23.228,51.941,23.614,55.311,23.828,50.012
13,8,2022,23,11pm,16.921,70.916,12.159,95.165,15.334,73.773,18.809,65.543,14.39,83.272,19.281,56.679,18.552,67.79,20.525,55.067,17.05,80.317,17.479,62.906,16.964,69.792,15.42,81.905,12.975,93.553,16.492,72.308,16.793,67.912
14,8,2022,5,5am,36.098,15.946,38.629,14.823,40.131,12.088,35.154,21.123,31.379,19.805,37.385,15.897,37.128,17.582,42.061,11.746,35.626,20.44,35.454,15.849,39.015,13.162,40.774,19.023,38.801,15.311,37.428,25.006,33.567,21.758
14,8,2022,11,11am,35.926,13.114,36.527,14.554,34.296,14.75,41.975,15.214,38.286,10.574,39.401,9.426,39.744,12.918,43.863,8.425,37.814,14.139,39.487,10.818,37.385,11.868,36.355,21.001,38.929,13.065,39.058,12.479,40.817,12.869
14,8,2022,17,5pm,17.865,43.907,12.159,79.365,16.921,49.573,22.713,33.162,19.882,42.784,24.858,28.107,15.978,48.327,20.697,30.696,16.836,62.466,20.096,33.407,20.182,36.02,16.879,48.474,14.605,69.377,20.525,36.728,19.624,42.93
14,8,2022,23,11pm,14.691,61.538,10.787,90.183,9.757,75.556,14.39,64.2,13.017,66.789,18.466,44.933,12.288,71.893,15.763,55.604,11.301,83.297,11.988,58.193,15.42,56.825,10.486,79.414,10.658,87.497,14.047,49.939,15.72,56.41
15,8,2022,5,5am,38.715,17.216,37.342,18.95,41.031,13.919,37.514,24.86,34.425,21.319,35.283,20.317,37.685,23.81,46.179,12.601,35.841,22.393,36.484,20.269,46.952,11.355,39.358,27.033,39.916,16.508,36.227,20.83,41.074,18.608
15,8,2022,11,11am,36.741,15.238,37.986,13.651,36.613,14.359,39.487,18.193,40.731,12.112,37.256,15.604,37.385,18.535,41.589,12.161,39.444,14.945,37.128,15.043,35.24,15.629,37.599,23.761,42.876,11.697,39.873,13.407,39.23,17.143
15,8,2022,17,5pm,16.063,49.817,10.658,78.462,15.849,50.525,20.568,42.418,18.723,45.226,22.413,36.752,16.45,55.043,22.069,35.238,14.905,59.731,18.466,37.143,16.621,43.932,16.921,55.971,13.232,74.628,18.723,36.728,19.624,45.324
15,8,2022,23,11pm,9.972,69.426,8.813,90.501,12.932,66.374,16.45,54.725,10.872,78.974,16.364,50.672,10.915,73.578,19.109,38.437,10.83,77.363,12.889,56.606,10.315,65.983,11.13,72.21,9.5,87.399,14.176,48.645,13.961,61.123
16,8,2022,5,5am,40.431,16.02,41.503,15.507,41.289,16.02,38.114,24.029,38.5,18.632,34.811,22.613,41.16,19.536,43.605,14.237,39.101,19.609,40.173,17.289,45.708,13.114,37.042,31.697,41.46,15.8,37.128,23.028,43.391,19.634
16,8,2022,11,11am,40.345,12.308,40.517,12.161,40.131,13.358,41.289,17.509,46.437,10.818,39.444,15.873,41.031,15.189,43.176,12.479,42.104,12.405,40.774,13.553,44.421,10.256,37.299,27.912,43.648,10.818,42.876,12.43,40.903,17.656
16,8,2022,17,5pm,23.399,33.578,16.578,50.281,19.624,41.123,26.231,33.48,20.868,35.531,24.386,29.377,16.621,54.921,23.743,30.916,18.123,51.917,21.984,30.745,21.512,35.751,16.578,57.045,16.106,57.314,20.568,33.211,21.126,40.269
16,8,2022,23,11pm,11.645,65.885,11.602,68.498,11.816,66.129,19.066,53.626,17.393,48.694,19.924,42.222,14.519,62.442,19.024,48.767,14.562,65.177,14.691,47.497,13.103,58.193,12.331,73.895,10.658,77.509,15.334,42.54,14.734,57.192
17,8,2022,5,5am,34.253,23.516,37.642,20.757,38.715,19.731,33.266,26.227,31.207,28.181,32.366,27.082,34.296,24.347,39.916,15.263,33.352,26.862,34.082,22.076,41.246,15.775,36.741,26.007,37.213,21.441,36.656,23.907,39.23,23.346
17,8,2022,11,11am,35.197,19.853,35.883,18.755,35.068,18.95,38.028,20.83,37.857,16.044,37.857,17.363,36.355,20.171,40.173,14.383,32.795,23.101,36.441,16.239,35.326,18.535,37.814,22.491,38.028,17.143,42.318,13.675,37.085,21.538
17,8,2022,17,5pm,15.892,56.068,15.034,60.537,17.222,51.136,23.442,41.221,19.581,46.056,22.413,40.293,16.578,58.266,22.069,39.17,19.839,45.47,18.037,42.955,16.578,50.598,17.565,56.19,14.991,58.999,20.182,41.538,18.466,51.136
17,8,2022,23,11pm,10.83,72.796,9.671,78.95,11.087,80.83,14.562,68.596,13.017,71.77,18.294,55.189,14.004,68.254,14.219,62.979,11.473,96.068,16.149,56.215,11.216,70.965,13.404,70.452,10.658,82.32,14.862,58.168,15.978,67.961
18,8,2022,5,5am,32.923,27.277,35.497,22.54,40.045,18.364,35.454,28.205,30.349,30.891,33.738,25.226,32.28,32.161,41.332,17.827,33.224,27.595,34.296,25.519,41.375,18.584,40.002,27.448,35.841,22.393,36.312,21.832,40.131,22.344
18,8,2022,11,11am,33.266,21.319,34.982,17.729,32.408,19.683,36.956,22.589,37.299,15.751,37.256,17.192,33.567,21.441,42.061,13.773,35.798,16.679,34.253,17.509,38.972,15.336,37.685,22.613,38.114,15.702,38.243,14.164,34.854,22.808
18,8,2022,17,5pm,15.42,48.205,8.513,69.377,13.661,50.379,20.353,41.905,16.921,45.495,19.924,36.752,20.997,37.875,16.535,43.687,13.618,62.369,19.538,35.092,16.578,43.346,19.538,42.491,11.216,62.882,16.921,41.441,14.905,50.72
18,8,2022,23,11pm,7.827,72.454,6.668,81.905,9.242,73.309,13.833,66.935,8.384,77.802,13.318,53.993,9.414,72.943,14.347,57.509,7.912,88.645,11.43,55.922,8.813,67.741,9.371,73.236,7.14,82.418,12.374,52.381,9.285,61.343
19,8,2022,5,5am,36.398,18.095,39.401,15.824,42.79,13.187,35.326,24.274,36.784,18.339,35.025,20.293,35.883,22.808,41.975,13.797,37.557,18.803,35.154,19.267,43.477,13.48,35.841,27.228,39.058,15.824,36.741,17.582,44.292,17.338
19,8,2022,11,11am,33.61,18.974,38.157,14.628,33.867,17.143,35.24,22.589,41.889,12.405,36.484,17.436,34.296,21.465,38.157,15.092,36.527,16.239,34.468,18.168,36.527,16.288,36.57,25.226,37.385,14.872,38.801,13.358,35.326,21.05
19,8,2022,17,5pm,21.211,42.54,17.093,51.013,16.235,49.573,20.868,47.595,17.35,47.79,20.053,41.221,23.142,38.828,22.327,38.193,17.007,53.431,22.541,35.971,20.311,44.005,21.683,44.64,17.522,49.719,19.281,41.148,19.238,48.791
19,8,2022,23,11pm,12.503,74.31,5.81,97.436,13.017,69.646,17.522,61.49,13.189,69.915,16.75,55.922,12.846,74.701,18.68,53.455,12.631,76.899,15.163,59.316,10.787,75.922,13.361,74.994,8.17,85.006,13.618,60.098,11.602,73.211
20,8,2022,5,5am,36.999,18.803,41.031,14.628,39.187,15.458,33.824,29.231,36.441,20.586,32.194,24.86,34.553,25.861,41.203,16.41,35.54,21.612,34.768,21.905,43.734,13.626,35.283,30.916,37.042,17.534,35.841,18.999,40.002,20.513
20,8,2022,11,11am,36.87,13.944,39.616,12.552,36.055,13.993,37.128,18.73,45.364,9.377,37.428,14.505,37.213,16.508,39.873,12.552,37.685,13.968,37.128,14.017,41.761,11.233,39.015,22.149,41.203,11.648,39.873,11.233,38.157,17.802
20,8,2022,17,5pm,18.938,37.143,12.546,58.168,13.318,49.817,24.729,33.358,18.208,38.168,20.053,32.869,25.63,29.792,24.214,27.424,13.575,54.701,20.611,33.187,20.225,35.922,17.222,50.769,14.433,47.741,17.822,37.192,17.265,41.123
20,8,2022,23,11pm,10.529,62.344,8.556,72.308,13.489,52.381,18.423,49.109,12.46,58.071,17.565,42.686,11.173,65.324,14.605,52.405,8.427,87.668,11.559,48.718,10.358,59.683,10.014,69.011,8.685,72.576,14.305,45.592,12.546,54.945
21,8,2022,5,5am,36.913,19.048,37.514,18.462,36.012,19.512,35.497,23.028,34.982,20.879,33.781,24.029,35.111,23.443,42.276,13.04,39.616,18.12,36.57,18.266,44.85,13.211,37.9,25.324,40.045,17.802,35.24,20.342,37.256,22.735
21,8,2022,11,11am,33.91,18.95,34.596,18.144,32.923,19.853,39.23,20.684,34.596,17.729,37.128,17.753,37.814,19.365,43.477,12.332,39.959,15.873,37.943,15.653,34.639,17.656,41.847,21.123,34.94,17.509,34.296,20.659,33.352,24.86
21,8,2022,17,5pm,19.624,41.221,15.634,50.574,18.08,43.663,23.614,36.19,19.453,40.806,23.314,33.016,21.683,40.708,23.399,30.965,17.651,47.912,20.525,35.36,20.096,39.267,19.667,46.764,16.707,50.867,21.469,34.457,21.984,39.389
21,8,2022,23,11pm,11.344,59.902,9.156,72.943,14.948,56.093,17.694,50.427,15.377,53.773,19.324,41.538,12.159,68.864,17.05,46.325,11.259,73.04,14.347,50.012,12.588,59.023,11.73,71.722,10.701,69.426,16.621,45.617,15.72,56.264
22,8,2022,5,5am,35.798,21.856,44.421,14.774,41.503,15.971,37.642,22.906,33.567,22.491,35.755,20.537,34.468,24.078,43.348,13.333,39.358,20.488,36.87,18.437,44.034,14.457,37.557,25.543,38.629,20.049,40.131,17.534,43.82,19.219
22,8,2022,11,11am,33.224,22.466,37.256,18.193,35.798,20,37.342,24.42,33.009,22.882,32.151,25.348,36.699,23.004,37.9,18.071,39.015,17.485,35.969,19.658,33.867,20.879,36.312,26.374,37.728,18.144,39.273,17.509,37.385,23.761
22,8,2022,17,5pm,18.981,46.886,15.163,57.485,17.093,56.899,22.498,45.348,20.74,44.371,23.828,38.926,20.954,45.983,21.211,40.708,19.109,57.46,21.383,38.877,21.34,40.317,20.353,49.109,18.251,50.33,22.327,42.442,21.984,49.963
22,8,2022,23,11pm,17.608,63.272,16.707,74.896,15.034,76.166,18.123,60.83,17.651,63.858,19.924,53.626,17.265,62.295,18.552,53.089,18.166,75.165,19.41,53.993,17.994,60.733,17.179,64.2,17.608,67.863,18.037,60.22,17.994,66.984
23,8,2022,5,5am,18.294,97.241,18.166,99.414,17.737,99.536,21.984,65.421,18.337,92.527,17.737,92.234,22.885,64.762,17.694,93.309,22.713,66.447,22.97,59.756,18.509,99.634,22.713,70.403,18.166,100,18.637,98.022,17.951,100
23,8,2022,11,11am,27.689,44.469,30.692,42.418,27.732,45.324,32.408,42.613,29.877,41.978,29.448,47.326,28.462,51.477,32.709,36.801,29.191,38.828,26.703,60.855,28.59,45.055,30.435,49.621,32.237,40.147,29.749,57.192,28.462,52.015
23,8,2022,17,5pm,14.648,97.289,11.645,99.585,13.017,98.779,17.35,76.752,15.377,91.429,18.123,73.773,14.176,100,17.565,71.111,13.06,88.181,15.634,94.847,16.106,89.573,14.691,100,13.146,99.829,16.75,99.609,15.763,90.305
23,8,2022,23,11pm,13.661,100,12.074,97.998,13.618,100,16.106,96.703,12.889,100,15.163,91.893,14.133,100,12.417,95.116,13.146,99.048,13.704,100,14.219,99.316,12.417,100,10.83,100,15.12,99.341,15.163,99.536
24,8,2022,5,5am,29.749,46.593,27.561,49.499,28.419,48.742,24,67.204,26.274,57.778,24.472,64.322,26.917,59.17,26.016,55.287,31.508,40.781,23.185,71.331,28.161,53.797,27.26,65.079,26.574,52.772,24.515,69.939,20.568,100
24,8,2022,11,11am,27.775,43.272,29.963,40.537,28.076,40.488,24.901,57.07,34.339,38.315,27.475,49.377,31.293,39.121,29.749,38.315,27.689,40.83,28.29,45.519,30.864,38.755,31.894,46.105,30.521,42.222,26.703,59.609,27.175,53.626
24,8,2022,17,5pm,16.879,81.245,13.361,96.435,16.879,82.882,17.951,77.827,15.806,89.695,16.793,82.442,16.793,83.175,17.779,74.603,15.935,79.707,17.737,77.509,17.222,80.611,14.734,88.913,14.176,94.481,16.407,89.426,14.562,98.266
24,8,2022,23,11pm,15.291,95.849,13.532,99.048,14.39,100,15.248,95.971,13.275,100,14.691,96.752,15.42,100,15.248,97.338,10.057,99.194,15.077,91.551,15.42,95.433,15.42,97.167,13.532,100,15.42,97.216,14.691,100
25,8,2022,5,5am,26.231,55.702,23.013,66.032,23.442,67.717,20.997,88.23,19.538,80.537,18.38,83.687,19.967,96.142,22.198,66.447,25.759,51.111,20.654,76.361,27.518,57.436,20.568,85.812,21.812,71.77,21.64,84.908,24.644,68.596
25,8,2022,11,11am,27.647,47.35,29.834,37.753,25.416,50.085,26.703,52.943,36.441,29.499,28.376,47.399,26.789,55.482,28.247,43.541,32.151,31.233,26.874,49.573,27.175,49.035,26.703,60.733,32.837,34.31,26.531,50.012,25.459,56.386
25,8,2022,17,5pm,19.967,80.488,14.605,95.751,16.836,95.726,19.924,83.663,16.836,95.556,17.136,92.234,19.495,88.23,19.882,79.048,17.522,76.19,18.809,82.662,18.251,88.791,17.222,94.872,16.364,93.016,17.436,97.924,16.75,97.314
25,8,2022,23,11pm,15.205,97.387,11.259,99.438,14.691,100,17.222,92.576,14.862,100,13.489,100,13.661,100,17.951,82.637,15.549,94.188,15.763,91.477,14.305,97.631,13.232,100,13.361,100,14.047,98.584,13.618,100
26,8,2022,5,5am,36.227,27.546,43.648,18.95,36.784,25.397,33.395,41.783,30.306,41.099,32.022,34.31,35.926,36.801,39.873,25.714,33.781,35.922,38.329,28.718,39.187,26.496,32.494,49.255,36.312,31.038,31.636,33.529,38.157,28.205
26,8,2022,11,11am,33.738,22.247,31.164,28.107,30.692,28.816,30.564,33.944,30.65,29.402,32.88,28.278,32.151,27.863,39.83,18.462,31.894,29.695,33.653,22.808,31.422,22.589,35.626,29.768,32.065,27.643,30.993,27.473,28.462,37.705
26,8,2022,17,5pm,18.895,53.993,15.849,73.187,19.195,55.922,17.608,62.295,19.367,58.388,18.466,58.73,18.423,60.195,20.311,46.838,16.192,73.504,17.865,54.09,18.852,54.921,15.12,74.628,14.519,77.631,19.367,55.433,20.697,54.164
26,8,2022,23,11pm,15.42,68.278,14.262,76.166,16.321,62.906,15.506,71.38,16.364,65.983,16.793,60.83,15.806,70.085,17.737,55.824,14.262,74.896,16.235,63.419,15.42,68.449,13.876,81.001,14.09,76.996,15.677,65.885,15.72,69.109
27,8,2022,5,5am,36.27,17.558,42.876,12.991,36.913,17.924,32.537,31.038,31.079,27.717,31.937,25.153,34.94,25.495,40.216,16.435,35.883,22.002,32.837,22.735,39.144,16.288,34.982,31.038,37.771,17.558,33.867,20.928,32.666,28.107
27,8,2022,11,11am,34.039,15.849,31.336,16.85,31.722,17.656,30.864,25.104,34.039,17.9,34.553,16.337,33.824,20.366,32.151,17.778,30.735,19.951,35.24,15.385,34.94,14.603,33.524,26.252,33.738,14.994,33.352,15.824,32.58,23.028
27,8,2022,17,5pm,19.753,37.924,17.522,43.907,16.879,47.204,19.453,43.077,17.865,44.567,18.466,41.49,20.311,40.757,19.324,37.973,19.281,38.291,20.396,35.58,19.495,37.68,20.053,43.883,17.865,43.077,17.822,43.077,17.436,50.549
27,8,2022,23,11pm,14.562,50.72,15.248,62.295,15.506,55.507,10.529,68.205,14.691,56.484,12.932,56.801,10.958,69.084,13.275,52.088,14.819,65.348,14.605,49.475,14.691,50.867,12.031,67.985,15.334,61.197,15.72,53.382,15.463,59.634
28,8,2022,5,5am,25.158,34.823,31.25,25.519,28.848,28.718,19.324,55.824,22.241,44.542,24.944,36.679,25.33,38.95,20.954,44.371,20.225,52.698,22.069,43.98,30.478,26.593,24.987,45.495,25.115,34.823,25.845,31.868,28.547,34.847
28,8,2022,11,11am,25.759,27.179,26.789,25.153,23.743,29.988,26.531,32.381,26.445,28.254,26.66,27.888,28.118,28.181,30.049,21.612,24.386,29.084,29.663,21.954,28.891,22.393,32.022,28.376,29.577,22.173,25.502,26.496,24.901,34.457
28,8,2022,17,5pm,7.698,68.156,11.216,66.569,11.087,66.374,12.417,57.753,13.146,59.585,15.849,45.885,8.556,71.648,11.688,53.578,11.044,59.902,10.958,50.867,8.813,64.86,8.47,73.944,13.275,54.139,13.661,50.94,15.634,50.794
28,8,2022,23,11pm,6.711,78.022,6.025,88.645,8.041,75.336,9.285,73.358,8.427,79.316,12.374,54.31,8.513,77.875,11.087,58.608,7.912,80.659,6.025,67.985,7.226,76.899,4.223,92.332,5.639,84.225,9.414,62.1,7.011,78.632
29,8,2022,5,5am,33.052,17.021,43.82,10.672,38.372,13.944,29.62,26.593,29.405,25.592,28.934,22.149,33.91,20.757,36.956,14.432,30.864,21.636,30.178,19.56,37.557,13.871,31.894,27.57,33.867,17.558,31.465,18.877,39.573,18.559
29,8,2022,11,11am,29.534,19.292,36.613,13.455,34.982,15.409,33.395,22.32,35.583,16.899,34.854,16.386,33.481,19.829,34.768,15.018,34.553,16.068,37.728,13.138,30.006,18.486,33.91,25.885,37.771,13.04,36.87,13.529,34.553,21.368
29,8,2022,17,5pm,10.915,51.013,7.569,79.585,11.602,63.858,18.723,41.807,13.961,58.584,16.149,41.27,12.588,60.562,18.423,34.628,10.615,58.974,13.618,43.077,13.704,48.205,11.173,64.127,10.315,62.222,14.948,43.834,12.417,56.85
29,8,2022,23,11pm,6.797,70.965,5.381,93.211,10.315,70.965,13.361,57.436,14.905,52.698,17.093,42.051,8.899,74.31,17.35,50.354,8.341,77.167,9.028,54.164,10.744,66.593,6.711,80.342,6.111,77.729,12.245,53.236,10.615,64.029
30,8,2022,5,5am,38.372,14.847,46.823,9.915,44.678,11.551,36.741,21.514,32.666,20.317,39.916,14.652,35.755,19.731,49.097,8.767,35.626,18.51,37.428,15.018,45.064,11.404,30.993,36.239,37.599,15.018,38.372,15.238,46.866,15.311
30,8,2022,11,11am,35.841,15.531,39.873,12.967,37.642,15.58,42.705,17.167,40.302,16.044,39.23,14.774,37.814,17.924,44.635,10.501,38.543,15.214,44.549,10.476,41.718,11.355,43.434,20.415,46.051,10.354,38.801,13.529,36.741,21.074
30,8,2022,17,5pm,14.433,50.867,11.43,65.153,15.935,52.674,23.099,38.608,15.634,57.827,21.169,35.629,15.42,53.846,22.927,32.625,12.975,57.192,18.895,37.924,16.149,46.593,16.75,54.872,13.232,56.606,17.908,43.419,16.75,49.158
30,8,2022,23,11pm,8.513,64.225,5.682,91.355,11.344,73.333,15.72,55.189,12.074,77.094,17.179,46.105,9.543,74.139,18.08,48.669,10.186,72.943,10.915,47.643,12.674,60.757,8.17,80.122,7.655,76.142,13.79,55.311,11.473,63.297
31,8,2022,5,5am,41.332,14.457,45.793,11.038,43.005,12.723,38.629,22.93,35.283,21.27,35.154,18.877,39.83,19.56,45.836,12.137,40.345,15.556,36.913,17.363,44.764,12.405,33.309,33.114,40.002,14.139,37.428,16.484,43.348,17.949
31,8,2022,11,11am,39.444,11.746,41.375,9.768,39.573,11.355,42.104,16.264,41.804,14.774,40.688,11.673,40.56,14.921,43.691,10.232,40.259,12.869,44.678,9.524,45.536,9.06,43.391,19.634,44.378,9.035,41.503,9.744,40.131,15.433
31,8,2022,17,5pm,18.466,33.284,15.592,39.512,16.106,38.901,21.211,34.53,20.139,31.355,23.099,23.028,19.624,34.799,20.911,27.009,18.037,43.834,22.112,24.689,18.037,34.115,14.519,54.75,16.836,36.313,18.294,30.061,15.248,41.221
31,8,2022,23,11pm,10.229,54.579,9.156,69.939,16.621,40.855,17.694,39.267,15.677,46.374,24.601,23.077,13.618,51.453,17.222,36.068,11.516,56.801,11.301,51.624,12.803,48.034,8.513,76.068,9.457,63.346,16.106,38.486,16.192,44.005
1,9,2022,5,5am,36.141,15.629,42.147,12.357,39.959,13.309,30.95,25.568,31.593,23.932,28.719,21.709,30.521,22.466,29.234,22.125,34.854,19.365,29.706,19.585,37.514,15.238,28.805,29.573,34.811,16.825,36.398,15.8,42.104,17.118
1,9,2022,11,11am,36.87,12.234,37.128,13.236,23.185,39.585,37.17,19.56,38.543,14.017,NA,NA,40.731,14.139,36.827,12.821,38.243,12.552,45.708,8.62,39.015,10.232,45.279,19.609,39.101,11.99,23.485,38.51,23.099,45.495
1,9,2022,17,5pm,18.38,41.221,10.443,62.076,NA,NA,24.644,37.192,18.766,43.346,NA,NA,17.908,43.59,21.984,34.017,18.337,46.471,21.254,34.53,16.707,43.321,18.68,45.495,13.833,48.132,NA,NA,NA,NA
1,9,2022,23,11pm,9.628,63.223,3.15,89.915,NA,NA,14.39,51.844,11.13,65.299,NA,NA,12.717,59.023,14.39,45.25,9.671,62.711,10.615,53.748,11.902,51.966,9.328,68.205,5.724,73.358,NA,NA,NA,NA
2,9,2022,5,5am,34.596,14.579,28.076,25.543,NA,NA,33.095,20.733,26.789,21.905,NA,NA,33.309,19.878,38.157,11.819,33.095,18.144,31.079,16.581,39.015,11.306,31.164,28.547,36.741,12.576,NA,NA,NA,NA
2,9,2022,11,11am,33.695,15.556,NA,NA,NA,NA,35.454,20.122,NA,NA,NA,NA,34.468,18.803,37.728,12.772,25.544,25.055,37.085,13.04,37.256,12.747,40.302,20.366,23.785,37.021,NA,NA,NA,NA
2,9,2022,17,5pm,22.027,30.72,NA,NA,NA,NA,22.713,35.531,NA,NA,NA,NA,24.343,30.867,22.584,28.449,NA,NA,21.726,29.744,20.182,33.895,23.013,35.946,NA,NA,NA,NA,NA,NA
2,9,2022,23,11pm,7.655,67.888,NA,NA,NA,NA,19.624,44.127,NA,NA,NA,NA,10.744,69.451,20.311,34.823,NA,NA,12.245,51.477,10.872,55.189,11.387,62.735,NA,NA,NA,NA,NA,NA
3,9,2022,5,5am,39.916,15.433,NA,NA,NA,NA,36.484,24.811,NA,NA,NA,NA,36.184,23.028,34.854,19.341,NA,NA,36.098,18.168,44.206,12.357,34.382,29.768,NA,NA,NA,NA,NA,NA
3,9,2022,11,11am,39.315,11.868,NA,NA,NA,NA,NA,NA,NA,NA,NA,NA,40.688,15.165,NA,NA,NA,NA,NA,NA,NA,NA,42.619,18.168,NA,NA,NA,NA,NA,NA
3,9,2022,17,5pm,28.505,22.857,NA,NA,NA,NA,NA,NA,NA,NA,NA,NA,29.834,26.203,NA,NA,NA,NA,NA,NA,NA,NA,29.148,30.012,NA,NA,NA,NA,NA,NA
3,9,2022,23,11pm,16.535,42.442,NA,NA,NA,NA,NA,NA,NA,NA,NA,NA,17.308,45.568,NA,NA,NA,NA,NA,NA,NA,NA,16.793,51.404,NA,NA,NA,NA,NA,NA
4,9,2022,5,5am,38.457,11.795,NA,NA,NA,NA,NA,NA,NA,NA,NA,NA,32.151,20.098,NA,NA,NA,NA,NA,NA,NA,NA,32.323,22.979,NA,NA,NA,NA,NA,NA
,,,,,,,,,,,,,,,,,,,,,,,,,,,,,,,,,,
,,,,,,,,,,,,,,,,,,,,,,,,,,,,,,,,,,
,,,,,,,,,,,,,,,,,,,,,,,,,,,,,,,,,,
,,,,,,,,,,,,,,,,,,,,,,,,,,,,,,,,,,
,,,,,,,,,,,,,,,,,,,,,,,,,,,,,,,,,,
,,,,,,,,,,,,,,,,,,,,,,,,,,,,,,,,,,
,,,,,,,,,,,,,,,,,,,,,,,,,,,,,,,,,,
,,,,,,,,,,,,,,,,,,,,,,,,,,,,,,,,,,
,,,,,,,,,,,,,,,,,,,,,,,,,,,,,,,,,,
,,,,,,,,,,,,,,,,,,,,,,,,,,,,,,,,,,
,,,,,,,,,,,,,,,,,,,,,,,,,,,,,,,,,,
,,,,,,,,,,,,,,,,,,,,,,,,,,,,,,,,,,
,,,,,,,,,,,,,,,,,,,,,,,,,,,,,,,,,,
,,,,,,,,,,,,,,,,,,,,,,,,,,,,,,,,,,
,,,,,,,,,,,,,,,,,,,,,,,,,,,,,,,,,,
,,,,,,,,,,,,,,,,,,,,,,,,,,,,,,,,,,
,,,,,,,,,,,,,,,,,,,,,,,,,,,,,,,,,,
,,,,,,,,,,,,,,,,,,,,,,,,,,,,,,,,,,
,,,,,,,,,,,,,,,,,,,,,,,,,,,,,,,,,,
,,,,,,,,,,,,,,,,,,,,,,,,,,,,,,,,,,
,,,,,,,,,,,,,,,,,,,,,,,,,,,,,,,,,,
,,,,,,,,,,,,,,,,,,,,,,,,,,,,,,,,,,
,,,,,,,,,,,,,,,,,,,,,,,,,,,,,,,,,,
,,,,,,,,,,,,,,,,,,,,,,,,,,,,,,,,,,
,,,,,,,,,,,,,,,,,,,,,,,,,,,,,,,,,,
,,,,,,,,,,,,,,,,,,,,,,,,,,,,,,,,,,
,,,,,,,,,,,,,,,,,,,,,,,,,,,,,,,,,,
,,,,,,,,,,,,,,,,,,,,,,,,,,,,,,,,,,
,,,,,,,,,,,,,,,,,,,,,,,,,,,,,,,,,,
,,,,,,,,,,,,,,,,,,,,,,,,,,,,,,,,,,
,,,,,,,,,,,,,,,,,,,,,,,,,,,,,,,,,,
,,,,,,,,,,,,,,,,,,,,,,,,,,,,,,,,,,
,,,,,,,,,,,,,,,,,,,,,,,,,,,,,,,,,,
,,,,,,,,,,,,,,,,,,,,,,,,,,,,,,,,,,
,,,,,,,,,,,,,,,,,,,,,,,,,,,,,,,,,,
,,,,,,,,,,,,,,,,,,,,,,,,,,,,,,,,,,
,,,,,,,,,,,,,,,,,,,,,,,,,,,,,,,,,,
,,,,,,,,,,,,,,,,,,,,,,,,,,,,,,,,,,
,,,,,,,,,,,,,,,,,,,,,,,,,,,,,,,,,,
,,,,,,,,,,,,,,,,,,,,,,,,,,,,,,,,,,
,,,,,,,,,,,,,,,,,,,,,,,,,,,,,,,,,,
,,,,,,,,,,,,,,,,,,,,,,,,,,,,,,,,,,
,,,,,,,,,,,,,,,,,,,,,,,,,,,,,,,,,,
,,,,,,,,,,,,,,,,,,,,,,,,,,,,,,,,,,
,,,,,,,,,,,,,,,,,,,,,,,,,,,,,,,,,,
,,,,,,,,,,,,,,,,,,,,,,,,,,,,,,,,,,
,,,,,,,,,,,,,,,,,,,,,,,,,,,,,,,,,,
,,,,,,,,,,,,,,,,,,,,,,,,,,,,,,,,,,
,,,,,,,,,,,,,,,,,,,,,,,,,,,,,,,,,,
,,,,,,,,,,,,,,,,,,,,,,,,,,,,,,,,,,
,,,,,,,,,,,,,,,,,,,,,,,,,,,,,,,,,,
,,,,,,,,,,,,,,,,,,,,,,,,,,,,,,,,,,
,,,,,,,,,,,,,,,,,,,,,,,,,,,,,,,,,,
,,,,,,,,,,,,,,,,,,,,,,,,,,,,,,,,,,
,,,,,,,,,,,,,,,,,,,,,,,,,,,,,,,,,,
,,,,,,,,,,,,,,,,,,,,,,,,,,,,,,,,,,
,,,,,,,,,,,,,,,,,,,,,,,,,,,,,,,,,,
,,,,,,,,,,,,,,,,,,,,,,,,,,,,,,,,,,
,,,,,,,,,,,,,,,,,,,,,,,,,,,,,,,,,,
,,,,,,,,,,,,,,,,,,,,,,,,,,,,,,,,,,
,,,,,,,,,,,,,,,,,,,,,,,,,,,,,,,,,,
,,,,,,,,,,,,,,,,,,,,,,,,,,,,,,,,,,
,,,,,,,,,,,,,,,,,,,,,,,,,,,,,,,,,,
,,,,,,,,,,,,,,,,,,,,,,,,,,,,,,,,,,
,,,,,,,,,,,,,,,,,,,,,,,,,,,,,,,,,,
,,,,,,,,,,,,,,,,,,,,,,,,,,,,,,,,,,
,,,,,,,,,,,,,,,,,,,,,,,,,,,,,,,,,,
,,,,,,,,,,,,,,,,,,,,,,,,,,,,,,,,,,
,,,,,,,,,,,,,,,,,,,,,,,,,,,,,,,,,,
,,,,,,,,,,,,,,,,,,,,,,,,,,,,,,,,,,
,,,,,,,,,,,,,,,,,,,,,,,,,,,,,,,,,,
,,,,,,,,,,,,,,,,,,,,,,,,,,,,,,,,,,
,,,,,,,,,,,,,,,,,,,,,,,,,,,,,,,,,,
,,,,,,,,,,,,,,,,,,,,,,,,,,,,,,,,,,
,,,,,,,,,,,,,,,,,,,,,,,,,,,,,,,,,,
,,,,,,,,,,,,,,,,,,,,,,,,,,,,,,,,,,
,,,,,,,,,,,,,,,,,,,,,,,,,,,,,,,,,,
,,,,,,,,,,,,,,,,,,,,,,,,,,,,,,,,,,
,,,,,,,,,,,,,,,,,,,,,,,,,,,,,,,,,,
,,,,,,,,,,,,,,,,,,,,,,,,,,,,,,,,,,
,,,,,,,,,,,,,,,,,,,,,,,,,,,,,,,,,,
,,,,,,,,,,,,,,,,,,,,,,,,,,,,,,,,,,
,,,,,,,,,,,,,,,,,,,,,,,,,,,,,,,,,,
,,,,,,,,,,,,,,,,,,,,,,,,,,,,,,,,,,
,,,,,,,,,,,,,,,,,,,,,,,,,,,,,,,,,,
,,,,,,,,,,,,,,,,,,,,,,,,,,,,,,,,,,
,,,,,,,,,,,,,,,,,,,,,,,,,,,,,,,,,,
,,,,,,,,,,,,,,,,,,,,,,,,,,,,,,,,,,
,,,,,,,,,,,,,,,,,,,,,,,,,,,,,,,,,,
,,,,,,,,,,,,,,,,,,,,,,,,,,,,,,,,,,
,,,,,,,,,,,,,,,,,,,,,,,,,,,,,,,,,,
,,,,,,,,,,,,,,,,,,,,,,,,,,,,,,,,,,
,,,,,,,,,,,,,,,,,,,,,,,,,,,,,,,,,,
,,,,,,,,,,,,,,,,,,,,,,,,,,,,,,,,,,
,,,,,,,,,,,,,,,,,,,,,,,,,,,,,,,,,,
,,,,,,,,,,,,,,,,,,,,,,,,,,,,,,,,,,
,,,,,,,,,,,,,,,,,,,,,,,,,,,,,,,,,,
,,,,,,,,,,,,,,,,,,,,,,,,,,,,,,,,,,
,,,,,,,,,,,,,,,,,,,,,,,,,,,,,,,,,,
,,,,,,,,,,,,,,,,,,,,,,,,,,,,,,,,,,
,,,,,,,,,,,,,,,,,,,,,,,,,,,,,,,,,,
,,,,,,,,,,,,,,,,,,,,,,,,,,,,,,,,,,
,,,,,,,,,,,,,,,,,,,,,,,,,,,,,,,,,,
,,,,,,,,,,,,,,,,,,,,,,,,,,,,,,,,,,
,,,,,,,,,,,,,,,,,,,,,,,,,,,,,,,,,,
,,,,,,,,,,,,,,,,,,,,,,,,,,,,,,,,,,
,,,,,,,,,,,,,,,,,,,,,,,,,,,,,,,,,,
,,,,,,,,,,,,,,,,,,,,,,,,,,,,,,,,,,
,,,,,,,,,,,,,,,,,,,,,,,,,,,,,,,,,,
,,,,,,,,,,,,,,,,,,,,,,,,,,,,,,,,,,
,,,,,,,,,,,,,,,,,,,,,,,,,,,,,,,,,,
,,,,,,,,,,,,,,,,,,,,,,,,,,,,,,,,,,
,,,,,,,,,,,,,,,,,,,,,,,,,,,,,,,,,,
,,,,,,,,,,,,,,,,,,,,,,,,,,,,,,,,,,
,,,,,,,,,,,,,,,,,,,,,,,,,,,,,,,,,,
,,,,,,,,,,,,,,,,,,,,,,,,,,,,,,,,,,
,,,,,,,,,,,,,,,,,,,,,,,,,,,,,,,,,,
,,,,,,,,,,,,,,,,,,,,,,,,,,,,,,,,,,
,,,,,,,,,,,,,,,,,,,,,,,,,,,,,,,,,,
,,,,,,,,,,,,,,,,,,,,,,,,,,,,,,,,,,
,,,,,,,,,,,,,,,,,,,,,,,,,,,,,,,,,,
,,,,,,,,,,,,,,,,,,,,,,,,,,,,,,,,,,
,,,,,,,,,,,,,,,,,,,,,,,,,,,,,,,,,,
,,,,,,,,,,,,,,,,,,,,,,,,,,,,,,,,,,
,,,,,,,,,,,,,,,,,,,,,,,,,,,,,,,,,,
,,,,,,,,,,,,,,,,,,,,,,,,,,,,,,,,,,
,,,,,,,,,,,,,,,,,,,,,,,,,,,,,,,,,,
,,,,,,,,,,,,,,,,,,,,,,,,,,,,,,,,,,
,,,,,,,,,,,,,,,,,,,,,,,,,,,,,,,,,,
,,,,,,,,,,,,,,,,,,,,,,,,,,,,,,,,,,
,,,,,,,,,,,,,,,,,,,,,,,,,,,,,,,,,,
,,,,,,,,,,,,,,,,,,,,,,,,,,,,,,,,,,
,,,,,,,,,,,,,,,,,,,,,,,,,,,,,,,,,,
,,,,,,,,,,,,,,,,,,,,,,,,,,,,,,,,,,
,,,,,,,,,,,,,,,,,,,,,,,,,,,,,,,,,,
,,,,,,,,,,,,,,,,,,,,,,,,,,,,,,,,,,
,,,,,,,,,,,,,,,,,,,,,,,,,,,,,,,,,,
,,,,,,,,,,,,,,,,,,,,,,,,,,,,,,,,,,
,,,,,,,,,,,,,,,,,,,,,,,,,,,,,,,,,,
,,,,,,,,,,,,,,,,,,,,,,,,,,,,,,,,,,
,,,,,,,,,,,,,,,,,,,,,,,,,,,,,,,,,,
,,,,,,,,,,,,,,,,,,,,,,,,,,,,,,,,,,
,,,,,,,,,,,,,,,,,,,,,,,,,,,,,,,,,,
,,,,,,,,,,,,,,,,,,,,,,,,,,,,,,,,,,
,,,,,,,,,,,,,,,,,,,,,,,,,,,,,,,,,,
,,,,,,,,,,,,,,,,,,,,,,,,,,,,,,,,,,
,,,,,,,,,,,,,,,,,,,,,,,,,,,,,,,,,,
,,,,,,,,,,,,,,,,,,,,,,,,,,,,,,,,,,
,,,,,,,,,,,,,,,,,,,,,,,,,,,,,,,,,,
,,,,,,,,,,,,,,,,,,,,,,,,,,,,,,,,,,
